time,price
2024-04-25 00:50:07,26125
2024-04-25 01:51:08,26129
2024-04-25 02:21:37,26104
2024-04-25 03:11:36,26086
2024-04-25 04:12:54,26093
2024-04-25 05:10:38,26110
2024-04-25 06:14:06,26102
2024-04-25 07:11:18,26098
2024-04-25 08:13:36,26109
2024-04-25 09:11:12,26109
2024-04-25 10:11:06,26102
2024-04-25 11:10:26,26105
2024-04-25 12:16:06,26108
2024-04-25 13:09:12,26114
2024-04-25 14:08:25,26116
2024-04-25 15:10:31,26112
2024-04-25 16:13:15,26103
2024-04-25 17:11:56,26104
2024-04-25 18:13:27,26089
2024-04-25 19:09:45,26095
2024-04-25 20:10:33,26093
2024-04-25 21:12:16,26087
2024-04-25 22:09:33,26080
2024-04-25 23:10:38,26076
2024-04-26 00:47:06,26079
2024-04-26 01:48:10,26066
2024-04-26 02:20:52,26057
2024-04-26 03:12:41,26022
2024-04-26 04:12:35,26013
2024-04-26 05:10:15,25998
2024-04-26 06:15:17,26007
2024-04-26 07:11:06,26008
2024-04-26 08:13:45,26008
2024-04-26 09:11:52,26013
2024-04-26 10:11:57,26006
2024-04-26 11:08:59,26027
2024-04-26 12:18:57,26052
2024-04-26 13:10:57,26037
2024-04-26 14:10:00,26035
2024-04-26 15:11:22,26041
2024-04-26 18:13:02,26026
2024-04-26 19:08:59,26041
2024-04-26 20:11:54,26029
2024-04-26 21:09:16,26026
2024-04-26 22:10:35,26034
2024-04-26 23:11:06,26024
2024-04-27 00:46:19,26050
2024-04-27 01:44:29,26059
2024-04-27 02:20:17,26059
2024-04-27 03:12:08,26049
2024-04-27 04:12:02,26048
2024-04-27 05:10:02,26038
2024-04-27 06:14:27,26042
2024-04-27 07:09:21,26032
2024-04-27 09:10:06,26035
2024-04-27 10:11:57,26035
2024-04-27 11:08:12,26054
2024-04-27 12:16:49,26056
2024-04-27 13:11:53,26059
2024-04-27 14:08:39,26062
2024-04-27 15:09:29,26051
2024-04-27 16:11:35,26049
2024-04-27 17:09:48,26047
2024-04-27 18:12:12,26057
2024-04-27 19:08:00,26054
2024-04-27 20:10:10,26057
2024-04-27 21:08:56,26052
2024-04-27 22:09:57,26059
2024-04-27 23:11:07,26050
2024-04-28 00:51:37,26053
2024-04-28 01:54:59,26048
2024-04-28 02:25:32,26051
2024-04-28 03:11:54,26034
2024-04-28 04:12:13,26032
2024-04-28 05:11:15,26037
2024-04-28 06:13:11,26041
2024-04-28 07:09:26,26044
2024-04-28 08:14:38,26044
2024-04-28 09:10:10,26044
2024-04-28 10:10:08,26047
2024-04-28 11:08:24,26051
2024-04-28 12:18:14,26046
2024-04-28 13:11:07,26049
2024-04-28 14:08:54,26052
2024-04-28 15:10:53,26054
2024-04-28 16:11:44,26069
2024-04-28 17:09:48,26084
2024-04-28 18:12:18,26073
2024-04-28 19:08:29,26063
2024-04-28 20:11:06,26053
2024-04-28 21:10:11,26047
2024-04-28 22:09:34,26054
2024-04-28 23:09:58,26062
2024-04-29 00:48:29,26059
2024-04-29 01:51:52,26052
2024-04-29 02:22:07,26058
2024-04-29 03:12:32,26075
2024-04-29 04:13:01,26073
2024-04-29 05:12:43,26066
2024-04-29 06:14:25,26067
2024-04-29 07:10:28,26065
2024-04-29 08:14:54,26067
2024-04-29 09:11:55,26066
2024-04-29 10:12:05,26053
2024-04-29 11:10:32,26045
2024-04-29 12:19:56,26036
2024-04-29 13:12:25,26028
2024-04-29 14:11:20,26024
2024-04-29 15:11:22,26014
2024-04-29 16:13:03,26014
2024-04-29 17:09:15,26015
2024-04-29 18:13:35,26023
2024-04-29 19:08:15,26032
2024-04-29 20:11:40,26018
2024-04-29 21:10:00,26020
2024-04-29 22:10:22,26013
2024-04-29 23:10:07,26023
2024-04-30 00:46:53,25986
2024-04-30 01:48:26,25996
2024-04-30 02:20:30,25995
2024-04-30 03:11:32,25984
2024-04-30 04:13:40,25973
2024-04-30 05:10:22,25978
2024-04-30 06:13:53,25973
2024-04-30 07:11:11,25976
2024-04-30 08:14:16,25963
2024-04-30 09:12:16,26005
2024-04-30 10:11:52,25974
2024-04-30 11:10:26,25986
2024-04-30 12:18:27,26064
2024-04-30 13:11:18,26032
2024-04-30 14:10:18,26026
2024-04-30 15:09:12,26016
2024-04-30 16:13:52,26047
2024-04-30 17:09:36,26054
2024-04-30 18:15:27,26039
2024-04-30 19:08:19,26035
2024-04-30 20:11:18,26060
2024-04-30 21:12:49,26068
2024-04-30 22:10:43,26083
2024-04-30 23:10:22,26033
2024-05-01 00:51:43,26048
2024-05-01 01:55:25,26054
2024-05-01 02:26:07,26035
2024-05-01 03:12:25,26018
2024-05-01 04:12:51,25993
2024-05-01 05:10:33,26006
2024-05-01 06:15:08,26001
2024-05-01 07:12:47,26026
2024-05-01 08:16:11,26084
2024-05-01 09:11:44,26095
2024-05-01 10:11:57,26048
2024-05-01 11:08:46,26029
2024-05-01 12:19:59,26056
2024-05-01 13:11:34,26037
2024-05-01 14:11:55,26039
2024-05-01 15:10:41,26032
2024-05-01 16:13:15,26035
2024-05-01 17:10:34,26032
2024-05-01 18:13:39,26035
2024-05-01 19:10:16,26025
2024-05-01 20:13:00,26029
2024-05-01 21:10:04,26024
2024-05-01 22:10:37,26025
2024-05-01 23:11:52,26021
2024-05-02 00:46:47,25997
2024-05-02 01:49:28,25987
2024-05-02 02:21:08,25977
2024-05-02 03:11:44,25949
2024-05-02 04:13:03,25917
2024-05-02 05:12:04,25923
2024-05-02 06:14:21,25916
2024-05-02 07:11:18,25929
2024-05-02 08:13:51,25912
2024-05-02 09:11:27,25923
2024-05-02 10:11:47,25926
2024-05-02 11:09:11,25935
2024-05-02 12:19:48,25947
2024-05-02 13:11:40,25919
2024-05-02 14:10:10,25924
2024-05-02 15:11:52,25904
2024-05-02 16:12:40,25913
2024-05-02 17:10:34,25878
2024-05-02 18:13:26,25907
2024-05-02 19:09:34,25906
2024-05-02 20:12:03,25907
2024-05-02 21:09:59,25905
2024-05-02 22:10:32,25894
2024-05-02 23:12:36,25874
2024-05-03 00:50:41,25854
2024-05-03 01:53:02,25834
2024-05-03 02:23:53,25860
2024-05-03 03:12:38,25848
2024-05-03 04:14:18,25862
2024-05-03 05:10:59,25867
2024-05-03 06:14:23,25867
2024-05-03 07:10:24,25852
2024-05-03 08:13:14,25871
2024-05-03 09:11:42,25866
2024-05-03 10:11:28,25868
2024-05-03 11:09:10,25872
2024-05-03 12:18:18,25871
2024-05-03 13:12:11,25871
2024-05-03 14:10:52,25868
2024-05-03 15:11:41,25866
2024-05-03 16:13:55,25863
2024-05-03 17:09:39,25859
2024-05-03 18:13:11,25869
2024-05-03 19:09:01,25867
2024-05-03 20:12:00,25866
2024-05-03 21:09:25,25868
2024-05-03 22:10:01,25867
2024-05-03 23:11:03,25860
2024-05-04 00:47:10,25869
2024-05-04 01:45:36,25860
2024-05-04 02:19:02,25891
2024-05-04 03:12:13,25878
2024-05-04 04:13:50,25869
2024-05-04 05:10:37,25879
2024-05-04 06:13:41,25874
2024-05-04 07:10:27,25849
2024-05-04 08:12:20,25859
2024-05-04 09:11:54,25839
2024-05-04 10:10:16,25860
2024-05-04 11:08:17,25863
2024-05-04 12:17:14,25860
2024-05-04 13:11:19,25856
2024-05-04 14:10:44,25856
2024-05-04 15:10:39,25854
2024-05-04 16:12:22,25857
2024-05-04 17:08:58,25858
2024-05-04 18:12:20,25862
2024-05-04 19:09:39,25863
2024-05-04 20:12:08,25867
2024-05-04 21:10:26,25870
2024-05-04 22:09:40,25873
2024-05-04 23:11:00,25863
2024-05-05 00:51:45,25867
2024-05-05 01:54:22,25870
2024-05-05 02:23:59,25864
2024-05-05 03:11:20,25859
2024-05-05 04:13:20,25859
2024-05-05 05:10:26,25857
2024-05-05 06:13:58,25853
2024-05-05 07:09:29,25841
2024-05-05 08:12:45,25842
2024-05-05 09:12:03,25841
2024-05-05 10:11:07,25837
2024-05-05 11:09:08,25816
2024-05-05 12:18:04,25814
2024-05-05 13:10:32,25811
2024-05-05 14:10:04,25820
2024-05-05 15:11:53,25833
2024-05-05 16:12:42,25817
2024-05-05 17:08:42,25824
2024-05-05 18:12:25,25820
2024-05-05 19:09:00,25826
2024-05-05 20:10:21,25816
2024-05-05 21:09:10,25825
2024-05-05 22:10:11,25815
2024-05-05 23:10:22,25817
2024-05-06 00:49:26,25760
2024-05-06 01:53:13,25759
2024-05-06 02:25:30,25760
2024-05-06 03:12:19,25776
2024-05-06 04:13:45,25780
2024-05-06 05:11:22,25782
2024-05-06 06:15:01,25787
2024-05-06 07:10:25,25769
2024-05-06 08:14:12,25744
2024-05-06 09:12:30,25769
2024-05-06 10:11:30,25760
2024-05-06 11:09:11,25746
2024-05-06 12:19:22,25770
2024-05-06 13:12:38,25765
2024-05-06 14:11:29,25765
2024-05-06 15:11:21,25750
2024-05-06 16:13:35,25750
2024-05-06 17:12:36,25748
2024-05-06 18:16:08,25760
2024-05-06 19:09:27,25745
2024-05-06 20:11:16,25747
2024-05-06 21:10:20,25750
2024-05-06 22:10:56,25755
2024-05-06 23:10:29,25761
2024-05-07 00:47:57,25753
2024-05-07 01:52:38,25759
2024-05-07 02:28:28,25759
2024-05-07 03:12:43,25757
2024-05-07 04:13:53,25764
2024-05-07 05:12:24,25759
2024-05-07 06:14:59,25756
2024-05-07 07:16:15,25761
2024-05-07 08:13:35,25763
2024-05-07 09:12:18,25759
2024-05-07 10:12:06,25752
2024-05-07 11:09:52,25753
2024-05-07 12:18:51,25759
2024-05-07 13:11:19,25754
2024-05-07 14:10:25,25756
2024-05-07 15:10:27,25762
2024-05-07 16:12:21,25746
2024-05-07 17:09:48,25733
2024-05-07 18:14:13,25729
2024-05-07 19:09:02,25734
2024-05-07 20:09:43,25738
2024-05-07 21:10:17,25734
2024-05-07 22:11:02,25735
2024-05-07 23:09:46,25757
2024-05-08 00:39:14,25765
2024-05-08 01:31:13,25770
2024-05-08 02:12:10,25767
2024-05-08 03:12:47,25760
2024-05-08 04:11:28,25765
2024-05-08 05:11:13,25786
2024-05-08 06:12:57,25779
2024-05-08 07:12:15,25755
2024-05-08 08:12:04,25767
2024-05-08 09:11:23,25764
2024-05-08 10:12:15,25765
2024-05-08 11:10:07,25758
2024-05-08 12:20:10,25757
2024-05-08 13:14:00,25760
2024-05-08 14:09:54,25761
2024-05-08 15:10:45,25767
2024-05-08 16:13:52,25764
2024-05-08 17:09:19,25756
2024-05-08 18:14:31,25754
2024-05-08 19:09:07,25752
2024-05-08 20:11:11,25747
2024-05-08 21:12:25,25755
2024-05-08 22:09:49,25761
2024-05-08 23:12:00,25763
2024-05-09 00:48:18,25779
2024-05-09 01:54:31,25763
2024-05-09 02:26:03,25756
2024-05-09 03:11:32,25754
2024-05-09 04:15:26,25757
2024-05-09 05:12:00,25760
2024-05-09 06:14:25,25757
2024-05-09 07:12:37,25758
2024-05-09 08:14:04,25762
2024-05-09 09:11:44,25773
2024-05-09 10:13:15,25770
2024-05-09 11:09:41,25777
2024-05-09 12:18:59,25772
2024-05-09 13:13:45,25793
2024-05-09 14:10:46,25821
2024-05-09 15:12:32,25795
2024-05-09 16:13:47,25790
2024-05-09 17:10:02,25792
2024-05-09 18:12:30,25816
2024-05-09 19:08:33,25809
2024-05-09 20:11:06,25806
2024-05-09 21:11:27,25813
2024-05-09 22:09:50,25810
2024-05-09 23:10:57,25794
2024-05-10 00:48:20,25783
2024-05-10 01:55:33,25784
2024-05-10 02:27:50,25783
2024-05-10 03:11:38,25787
2024-05-10 04:12:45,25790
2024-05-10 05:10:36,25785
2024-05-10 06:14:04,25824
2024-05-10 07:12:15,25819
2024-05-10 08:13:54,25807
2024-05-10 09:12:10,25814
2024-05-10 10:11:54,25809
2024-05-10 11:09:52,25802
2024-05-10 12:18:55,25815
2024-05-10 13:12:01,25800
2024-05-10 14:10:10,25799
2024-05-10 15:10:54,25900
2024-05-10 16:13:29,25900
2024-05-10 17:09:42,25840
2024-05-10 18:14:00,25895
2024-05-10 19:09:11,25883
2024-05-10 20:10:57,25842
2024-05-10 21:10:52,25839
2024-05-10 22:11:41,25858
2024-05-10 23:10:53,25873
2024-05-11 00:47:23,25878
2024-05-11 01:49:38,25892
2024-05-11 02:20:44,25883
2024-05-11 03:12:20,25846
2024-05-11 04:12:19,25854
2024-05-11 05:10:57,25859
2024-05-11 06:13:15,25854
2024-05-11 07:11:26,25855
2024-05-11 08:13:01,25850
2024-05-11 09:11:20,25852
2024-05-11 10:11:02,25848
2024-05-11 11:08:17,25866
2024-05-11 12:18:06,25868
2024-05-11 13:10:04,25870
2024-05-11 14:09:00,25867
2024-05-11 15:10:13,25855
2024-05-11 16:12:41,25856
2024-05-11 17:11:03,25833
2024-05-11 18:13:06,25838
2024-05-11 19:08:48,25858
2024-05-11 20:11:12,25844
2024-05-11 21:10:22,25844
2024-05-11 22:09:07,25844
2024-05-11 23:11:00,25821
2024-05-12 00:52:59,25845
2024-05-12 01:56:45,25856
2024-05-12 02:29:08,25856
2024-05-12 03:11:45,25853
2024-05-12 04:13:23,25829
2024-05-12 05:11:36,25854
2024-05-12 06:14:34,25856
2024-05-12 07:09:22,25856
2024-05-12 08:13:12,25876
2024-05-12 09:10:41,25872
2024-05-12 10:10:22,25867
2024-05-12 11:09:33,25863
2024-05-12 12:19:33,25860
2024-05-12 13:10:25,25859
2024-05-12 14:09:40,25857
2024-05-12 15:10:49,25859
2024-05-12 16:12:57,25865
2024-05-12 17:08:46,25856
2024-05-12 18:14:40,25851
2024-05-12 19:08:38,25855
2024-05-12 20:10:23,25865
2024-05-12 21:10:54,25860
2024-05-12 22:09:23,25860
2024-05-12 23:11:16,25852
2024-05-13 00:50:31,25857
2024-05-13 01:55:07,25877
2024-05-13 02:26:36,25870
2024-05-13 03:11:50,25890
2024-05-13 04:14:02,25926
2024-05-13 05:13:03,25900
2024-05-13 06:15:20,25899
2024-05-13 07:11:04,25861
2024-05-13 08:14:55,25877
2024-05-13 09:12:09,25857
2024-05-13 10:12:09,25849
2024-05-13 11:09:22,25840
2024-05-13 12:20:12,25840
2024-05-13 13:12:57,25808
2024-05-13 14:10:29,25809
2024-05-13 15:11:55,25809
2024-05-13 16:15:10,25808
2024-05-13 17:09:42,25802
2024-05-13 18:12:45,25767
2024-05-13 19:08:39,25810
2024-05-13 20:11:10,25821
2024-05-13 21:11:53,25810
2024-05-13 22:11:17,25805
2024-05-13 23:10:50,25805
2024-05-14 00:49:06,25812
2024-05-14 01:52:00,25838
2024-05-14 02:23:20,25825
2024-05-14 03:12:50,25824
2024-05-14 04:12:38,25822
2024-05-14 05:11:48,25830
2024-05-14 06:16:23,25841
2024-05-14 07:11:25,25843
2024-05-14 08:15:10,25837
2024-05-14 09:12:12,25846
2024-05-14 10:13:33,25840
2024-05-14 11:09:16,25836
2024-05-14 12:20:24,25840
2024-05-14 13:12:42,25847
2024-05-14 14:10:12,25848
2024-05-14 15:12:50,25850
2024-05-14 16:13:45,25847
2024-05-14 17:09:39,25853
2024-05-14 18:13:38,25877
2024-05-14 19:08:36,25864
2024-05-14 20:12:51,25870
2024-05-14 21:09:43,25884
2024-05-14 22:10:51,25869
2024-05-14 23:10:47,25867
2024-05-15 00:49:19,25851
2024-05-15 01:56:08,25863
2024-05-15 02:28:08,25865
2024-05-15 03:14:07,25863
2024-05-15 04:14:09,25841
2024-05-15 05:11:46,25827
2024-05-15 06:14:29,25827
2024-05-15 07:11:16,25820
2024-05-15 08:13:48,25827
2024-05-15 09:13:52,25756
2024-05-15 10:12:03,25750
2024-05-15 11:09:45,25743
2024-05-15 12:21:21,25793
2024-05-15 13:12:40,25775
2024-05-15 14:11:48,25791
2024-05-15 15:10:41,25757
2024-05-15 16:13:35,25713
2024-05-15 17:11:28,25667
2024-05-15 18:13:39,25679
2024-05-15 19:09:09,25704
2024-05-15 20:12:58,25755
2024-05-15 21:10:42,25764
2024-05-15 22:12:03,25765
2024-05-15 23:11:48,25711
2024-05-16 00:49:27,25689
2024-05-16 01:53:23,25760
2024-05-16 02:24:12,25727
2024-05-16 03:13:07,25737
2024-05-16 04:11:55,25718
2024-05-16 05:11:52,25717
2024-05-16 06:12:43,25724
2024-05-16 07:09:10,25716
2024-05-16 08:11:39,25716
2024-05-16 09:10:38,25721
2024-05-16 10:11:09,25718
2024-05-16 11:09:47,25702
2024-05-16 12:20:17,25713
2024-05-16 13:12:31,25704
2024-05-16 14:11:41,25694
2024-05-16 15:11:04,25716
2024-05-16 16:12:57,25722
2024-05-16 17:11:12,25713
2024-05-16 18:13:27,25712
2024-05-16 19:08:39,25737
2024-05-16 20:11:34,25740
2024-05-16 21:11:17,25732
2024-05-16 22:10:54,25734
2024-05-16 23:11:05,25721
2024-05-17 00:49:19,25722
2024-05-17 01:52:59,25718
2024-05-17 02:23:48,25716
2024-05-17 03:12:16,25718
2024-05-17 04:13:30,25725
2024-05-17 05:12:33,25717
2024-05-17 06:15:00,25715
2024-05-17 07:10:46,25715
2024-05-17 08:14:07,25720
2024-05-17 09:12:57,25725
2024-05-17 10:11:24,25726
2024-05-17 11:10:06,25736
2024-05-17 12:19:09,25730
2024-05-17 13:12:05,25720
2024-05-17 14:11:19,25718
2024-05-17 15:11:30,25719
2024-05-17 16:13:17,25735
2024-05-17 17:09:52,25718
2024-05-17 18:14:27,25735
2024-05-17 19:08:46,25732
2024-05-17 20:12:08,25738
2024-05-17 21:09:54,25730
2024-05-17 22:10:52,25735
2024-05-17 23:12:00,25728
2024-05-18 00:48:29,25728
2024-05-18 01:51:28,25727
2024-05-18 02:23:54,25731
2024-05-18 03:11:56,25728
2024-05-18 04:12:49,25723
2024-05-18 05:11:04,25724
2024-05-18 06:13:42,25723
2024-05-18 07:10:33,25725
2024-05-18 08:12:46,25713
2024-05-18 09:11:43,25712
2024-05-18 10:10:18,25715
2024-05-18 11:08:33,25705
2024-05-18 12:18:32,25705
2024-05-18 13:11:37,25718
2024-05-18 14:09:43,25724
2024-05-18 15:11:54,25727
2024-05-18 16:12:27,25717
2024-05-18 17:08:44,25718
2024-05-18 18:13:43,25742
2024-05-18 19:08:08,25736
2024-05-18 20:11:45,25734
2024-05-18 21:09:40,25730
2024-05-18 22:09:57,25730
2024-05-18 23:10:14,25727
2024-05-19 00:53:16,25720
2024-05-19 01:57:10,25720
2024-05-19 02:28:25,25720
2024-05-19 03:13:03,25717
2024-05-19 04:14:06,25721
2024-05-19 05:11:18,25717
2024-05-19 06:13:55,25717
2024-05-19 07:09:33,25720
2024-05-19 08:12:40,25727
2024-05-19 09:11:58,25722
2024-05-19 10:10:40,25720
2024-05-19 11:09:45,25725
2024-05-19 12:18:43,25709
2024-05-19 13:10:28,25738
2024-05-19 14:10:24,25737
2024-05-19 15:10:39,25744
2024-05-19 16:12:51,25763
2024-05-19 17:10:01,25768
2024-05-19 18:13:17,25763
2024-05-19 19:08:12,25761
2024-05-19 20:11:46,25751
2024-05-19 21:10:28,25757
2024-05-19 22:12:28,25747
2024-05-19 23:12:16,25750
2024-05-20 00:49:58,25723
2024-05-20 01:55:48,25753
2024-05-20 02:28:00,25758
2024-05-20 03:12:57,25750
2024-05-20 04:14:09,25720
2024-05-20 05:12:39,25734
2024-05-20 06:15:28,25718
2024-05-20 07:11:44,25714
2024-05-20 08:14:54,25713
2024-05-20 09:14:22,25707
2024-05-20 10:12:15,25715
2024-05-20 11:10:37,25712
2024-05-20 12:21:36,25720
2024-05-20 13:13:32,25720
2024-05-20 14:10:55,25719
2024-05-20 15:11:29,25707
2024-05-20 16:14:01,25718
2024-05-20 17:12:33,25718
2024-05-20 18:14:01,25729
2024-05-20 19:08:51,25726
2024-05-20 20:11:04,25749
2024-05-20 21:10:01,25713
2024-05-20 22:10:17,25717
2024-05-20 23:11:37,25726
2024-05-21 00:49:36,25738
2024-05-21 01:52:57,25710
2024-05-21 02:24:42,25711
2024-05-21 03:12:37,25710
2024-05-21 04:13:00,25690
2024-05-21 05:11:39,25689
2024-05-21 06:15:26,25682
2024-05-21 07:10:34,25700
2024-05-21 08:14:12,25691
2024-05-21 09:12:30,25690
2024-05-21 10:11:37,25684
2024-05-21 11:10:22,25689
2024-05-21 12:19:46,25712
2024-05-21 13:13:42,25697
2024-05-21 14:09:54,25704
2024-05-21 15:11:24,25709
2024-05-21 16:13:10,25694
2024-05-21 17:10:17,25701
2024-05-21 18:13:55,25685
2024-05-21 19:10:16,25704
2024-05-21 20:12:18,25700
2024-05-21 21:10:31,25692
2024-05-21 22:09:59,25705
2024-05-21 23:12:04,25699
2024-05-22 00:49:54,25692
2024-05-22 01:53:56,25701
2024-05-22 02:25:24,25692
2024-05-22 03:14:04,25696
2024-05-22 04:13:17,25696
2024-05-22 05:12:35,25690
2024-05-22 06:15:20,25680
2024-05-22 07:10:40,25680
2024-05-22 08:14:56,25670
2024-05-22 09:13:12,25678
2024-05-22 10:11:35,25702
2024-05-22 11:10:43,25688
2024-05-22 12:20:22,25688
2024-05-22 13:13:22,25710
2024-05-22 14:10:37,25702
2024-05-22 15:12:03,25695
2024-05-22 16:15:05,25696
2024-05-22 17:09:58,25692
2024-05-22 18:14:32,25692
2024-05-22 19:09:10,25693
2024-05-22 20:11:59,25690
2024-05-22 21:12:10,25694
2024-05-22 22:10:03,25696
2024-05-22 23:12:54,25701
2024-05-23 00:49:07,25689
2024-05-23 01:53:09,25698
2024-05-23 02:24:58,25702
2024-05-23 03:12:19,25704
2024-05-23 04:13:04,25713
2024-05-23 05:13:11,25709
2024-05-23 06:15:44,25721
2024-05-23 07:10:32,25721
2024-05-23 08:13:57,25710
2024-05-23 09:12:59,25715
2024-05-23 10:13:04,25735
2024-05-23 11:11:25,25765
2024-05-23 12:19:47,25777
2024-05-23 13:12:14,25773
2024-05-23 14:10:33,25789
2024-05-23 15:12:01,25776
2024-05-23 16:14:01,25765
2024-05-23 17:11:42,25750
2024-05-23 18:14:10,25745
2024-05-23 19:09:59,25749
2024-05-23 20:12:27,25754
2024-05-23 21:10:21,25765
2024-05-23 22:10:24,25788
2024-05-23 23:12:05,25776
2024-05-24 00:49:55,25790
2024-05-24 01:54:23,25790
2024-05-24 02:25:38,25790
2024-05-24 03:12:32,25789
2024-05-24 04:14:08,25780
2024-05-24 05:11:28,25753
2024-05-24 06:15:34,25748
2024-05-24 07:10:23,25790
2024-05-24 08:13:50,25805
2024-05-24 09:12:21,25800
2024-05-24 10:11:58,25804
2024-05-24 11:11:12,25816
2024-05-24 12:19:37,25824
2024-05-24 13:12:22,25848
2024-05-24 14:11:16,25842
2024-05-24 15:12:30,25840
2024-05-24 16:12:47,25818
2024-05-24 17:10:47,25808
2024-05-24 18:14:23,25853
2024-05-24 19:09:02,25845
2024-05-24 20:11:46,25810
2024-05-24 21:10:20,25825
2024-05-24 22:10:56,25835
2024-05-24 23:10:19,25825
2024-05-25 00:48:12,25822
2024-05-25 01:52:19,25822
2024-05-25 02:23:34,25815
2024-05-25 03:13:25,25800
2024-05-25 04:12:58,25800
2024-05-25 05:10:39,25813
2024-05-25 06:15:04,25808
2024-05-25 07:09:28,25818
2024-05-25 08:13:48,25805
2024-05-25 09:11:02,25803
2024-05-25 10:11:32,25803
2024-05-25 11:10:23,25787
2024-05-25 12:18:49,25800
2024-05-25 13:10:31,25800
2024-05-25 14:09:15,25800
2024-05-25 15:10:52,25818
2024-05-25 16:12:10,25818
2024-05-25 17:10:46,25816
2024-05-25 18:13:11,25821
2024-05-25 19:09:32,25823
2024-05-25 20:10:45,25825
2024-05-25 21:09:29,25823
2024-05-25 22:10:30,25828
2024-05-25 23:10:26,25820
2024-05-26 00:53:58,25810
2024-05-26 01:58:28,25810
2024-05-26 02:31:29,25810
2024-05-26 03:11:55,25815
2024-05-26 04:12:57,25814
2024-05-26 05:10:30,25815
2024-05-26 06:14:22,25812
2024-05-26 07:10:57,25805
2024-05-26 08:12:48,25800
2024-05-26 09:11:39,25812
2024-05-26 10:11:36,25819
2024-05-26 11:09:39,25814
2024-05-26 12:18:13,25795
2024-05-26 13:10:22,25795
2024-05-26 14:09:21,25819
2024-05-26 15:11:37,25822
2024-05-26 16:13:34,25818
2024-05-26 17:09:58,25817
2024-05-26 18:13:04,25825
2024-05-26 19:09:11,25829
2024-05-26 20:10:32,25829
2024-05-26 21:10:44,25826
2024-05-26 22:09:51,25824
2024-05-27 00:51:03,25824
2024-05-27 01:55:47,25821
2024-05-27 02:27:26,25824
2024-05-27 03:13:22,25825
2024-05-27 04:14:20,25806
2024-05-27 05:11:39,25819
2024-05-27 06:16:17,25821
2024-05-27 07:12:07,25813
2024-05-27 08:14:46,25817
2024-05-27 09:12:26,25811
2024-05-27 10:11:57,25810
2024-05-27 11:10:42,25795
2024-05-27 12:20:18,25815
2024-05-27 13:12:58,25818
2024-05-27 14:10:27,25813
2024-05-27 15:12:32,25803
2024-05-27 16:13:08,25811
2024-05-27 17:09:55,25803
2024-05-27 18:14:15,25798
2024-05-27 19:09:44,25803
2024-05-27 20:11:15,25803
2024-05-27 21:11:29,25803
2024-05-27 23:12:23,25799
2024-05-28 00:50:04,25808
2024-05-28 01:55:55,25810
2024-05-28 02:27:13,25808
2024-05-28 03:12:14,25793
2024-05-28 04:15:30,25789
2024-05-28 05:11:01,25799
2024-05-28 06:14:58,25803
2024-05-28 07:11:36,25795
2024-05-28 08:15:37,25779
2024-05-28 09:11:37,25737
2024-05-28 10:12:16,25712
2024-05-28 11:09:24,25728
2024-05-28 12:20:22,25724
2024-05-28 13:13:10,25749
2024-05-28 14:10:35,25797
2024-05-28 15:10:54,25800
2024-05-28 16:13:34,25792
2024-05-28 17:10:24,25797
2024-05-28 18:13:55,25796
2024-05-28 19:09:37,25794
2024-05-28 20:12:05,25798
2024-05-28 21:11:23,25795
2024-05-28 22:10:26,25790
2024-05-28 23:11:52,25793
2024-05-29 00:53:26,25798
2024-05-29 01:57:34,25805
2024-05-29 02:31:05,25797
2024-05-29 03:12:46,25794
2024-05-29 04:15:02,25765
2024-05-29 05:12:02,25780
2024-05-29 06:15:26,25785
2024-05-29 07:11:01,25783
2024-05-29 08:15:01,25779
2024-05-29 09:13:11,25785
2024-05-29 10:13:19,25800
2024-05-29 11:10:23,25800
2024-05-29 12:20:12,25800
2024-05-29 13:12:58,25800
2024-05-29 14:10:59,25805
2024-05-29 15:12:37,25810
2024-05-29 17:11:12,25805
2024-05-29 18:13:52,25809
2024-05-29 19:09:10,25815
2024-05-29 20:12:27,25812
2024-05-29 21:10:12,25805
2024-05-29 22:11:14,25816
2024-05-29 23:11:07,25810
2024-05-30 00:50:23,25814
2024-05-30 01:56:01,25821
2024-05-30 02:28:03,25809
2024-05-30 03:12:10,25802
2024-05-30 04:16:25,25800
2024-05-30 05:10:59,25815
2024-05-30 06:15:22,25821
2024-05-30 07:11:29,25813
2024-05-30 08:15:00,25812
2024-05-30 09:12:38,25840
2024-05-30 10:12:09,25844
2024-05-30 11:09:36,25840
2024-05-30 12:20:12,25845
2024-05-30 13:12:56,25860
2024-05-30 14:11:26,25868
2024-05-30 15:11:49,25861
2024-05-30 16:13:29,25842
2024-05-30 17:09:57,25843
2024-05-30 18:15:39,25845
2024-05-30 19:10:34,25840
2024-05-30 20:12:08,25837
2024-05-30 21:11:48,25829
2024-05-30 22:11:32,25827
2024-05-30 23:12:08,25822
2024-05-31 00:51:15,25818
2024-05-31 01:55:44,25839
2024-05-31 02:27:48,25844
2024-05-31 03:12:41,25837
2024-05-31 04:14:42,25819
2024-05-31 05:13:30,25824
2024-05-31 06:15:24,25829
2024-05-31 07:10:19,25778
2024-05-31 08:14:18,25820
2024-05-31 09:13:07,25819
2024-05-31 10:12:04,25816
2024-05-31 11:10:07,25826
2024-05-31 12:19:57,25829
2024-05-31 13:12:33,25833
2024-05-31 14:10:28,25840
2024-05-31 15:12:23,25820
2024-05-31 16:13:36,25845
2024-05-31 17:10:34,25819
2024-05-31 18:14:24,25849
2024-05-31 19:10:05,25840
2024-05-31 20:11:29,25841
2024-05-31 21:11:00,25827
2024-05-31 22:10:25,25825
2024-05-31 23:11:13,25829
2024-06-01 00:53:50,25839
2024-06-01 01:58:53,25839
2024-06-01 02:34:48,25839
2024-06-01 03:14:24,25836
2024-06-01 04:13:09,25825
2024-06-01 05:12:07,25826
2024-06-01 06:14:30,25832
2024-06-01 07:09:50,25820
2024-06-01 08:13:39,25821
2024-06-01 09:13:12,25811
2024-06-01 10:11:39,25811
2024-06-01 11:11:02,25814
2024-06-01 12:19:14,25814
2024-06-01 13:10:46,25800
2024-06-01 14:10:37,25812
2024-06-01 15:10:51,25805
2024-06-01 16:12:15,25802
2024-06-01 17:10:24,25801
2024-06-01 18:13:50,25803
2024-06-01 19:10:47,25800
2024-06-01 20:10:50,25800
2024-06-01 21:11:08,25800
2024-06-01 22:09:33,25807
2024-06-01 23:11:16,25803
2024-06-02 00:54:15,25802
2024-06-02 01:59:28,25809
2024-06-02 02:34:58,25803
2024-06-02 03:12:45,25800
2024-06-02 04:12:46,25808
2024-06-02 05:10:57,25800
2024-06-02 06:15:26,25807
2024-06-02 07:11:19,25444
2024-06-02 08:13:03,25444
2024-06-02 09:11:56,25444
2024-06-02 10:11:04,25444
2024-06-02 11:09:29,25444
2024-06-02 12:18:38,25789
2024-06-02 13:10:39,25788
2024-06-02 14:09:41,25740
2024-06-02 15:10:13,25740
2024-06-02 16:12:54,25782
2024-06-02 17:10:45,25782
2024-06-02 18:14:29,25783
2024-06-02 19:08:59,25783
2024-06-02 20:11:04,25783
2024-06-02 21:10:46,25782
2024-06-02 22:09:49,25780
2024-06-02 23:10:41,25799
2024-06-03 00:51:47,25776
2024-06-03 01:57:31,25776
2024-06-03 02:30:25,25776
2024-06-03 03:13:09,25774
2024-06-03 04:15:37,25765
2024-06-03 05:12:54,25762
2024-06-03 06:15:35,25753
2024-06-03 07:11:09,25750
2024-06-03 08:15:25,25735
2024-06-03 09:12:24,25739
2024-06-03 10:14:49,25741
2024-06-03 11:09:49,25739
2024-06-03 12:21:21,25739
2024-06-03 13:13:39,25729
2024-06-03 14:10:58,25680
2024-06-03 15:12:29,25711
2024-06-03 16:14:30,25699
2024-06-03 17:10:59,25699
2024-06-03 18:15:23,25692
2024-06-03 19:10:06,25690
2024-06-03 20:11:41,25700
2024-06-03 21:11:33,25707
2024-06-03 22:11:13,25697
2024-06-03 23:12:20,25683
2024-06-04 00:51:41,25686
2024-06-04 01:56:23,25686
2024-06-04 02:28:37,25667
2024-06-04 03:13:22,25658
2024-06-04 04:13:30,25638
2024-06-04 05:13:56,25646
2024-06-04 06:15:21,25647
2024-06-04 07:10:59,25645
2024-06-04 08:14:24,25645
2024-06-04 09:13:19,25645
2024-06-04 10:12:02,25648
2024-06-04 11:10:50,25666
2024-06-04 12:20:40,25685
2024-06-04 13:13:34,25680
2024-06-04 14:11:00,25676
2024-06-04 15:12:29,25677
2024-06-04 16:14:25,25687
2024-06-04 17:10:18,25698
2024-06-04 18:14:49,25688
2024-06-04 19:10:24,25683
2024-06-04 20:11:28,25684
2024-06-04 21:10:30,25695
2024-06-04 22:11:38,25690
2024-06-04 23:12:37,25679
2024-06-05 00:50:59,25660
2024-06-05 01:55:54,25668
2024-06-05 02:28:15,25660
2024-06-05 03:14:29,25650
2024-06-05 04:15:59,25630
2024-06-05 05:11:13,25630
2024-06-05 06:15:43,25630
2024-06-05 07:10:56,25629
2024-06-05 08:14:11,25630
2024-06-05 09:14:12,25630
2024-06-05 10:11:59,25650
2024-06-05 11:09:34,25629
2024-06-05 12:20:30,25660
2024-06-05 13:13:50,25630
2024-06-05 14:11:49,25628
2024-06-05 15:11:45,25630
2024-06-05 16:14:05,25630
2024-06-05 17:10:05,25662
2024-06-05 18:14:23,25667
2024-06-05 19:09:35,25665
2024-06-05 20:12:37,25659
2024-06-05 21:12:10,25664
2024-06-05 22:10:57,25650
2024-06-05 23:12:34,25649
2024-06-06 00:50:35,25640
2024-06-06 01:55:59,25630
2024-06-06 02:28:00,25630
2024-06-06 03:13:08,25444
2024-06-06 04:13:24,25444
2024-06-06 05:12:12,25444
2024-06-06 06:15:32,25444
2024-06-06 07:12:03,25400
2024-06-06 08:14:30,25400
2024-06-06 09:13:22,25444
2024-06-06 10:12:00,25444
2024-06-06 11:10:17,25444
2024-06-06 12:21:01,25444
2024-06-06 13:13:38,25444
2024-06-06 14:11:26,25444
2024-06-06 15:12:52,25444
2024-06-06 16:13:48,25444
2024-06-06 17:11:37,25444
2024-06-06 18:14:48,25444
2024-06-06 19:11:07,25444
2024-06-06 20:13:33,25444
2024-06-06 21:11:58,25444
2024-06-06 22:10:23,25444
2024-06-06 23:14:31,25444
2024-06-07 00:53:01,25444
2024-06-07 01:57:57,25444
2024-06-07 02:32:39,25444
2024-06-07 03:13:19,25444
2024-06-07 04:14:31,25600
2024-06-07 05:11:48,25600
2024-06-07 06:16:16,25637
2024-06-07 07:11:05,25634
2024-06-07 08:14:53,25600
2024-06-07 09:12:08,25600
2024-06-07 10:12:06,25600
2024-06-07 11:10:29,25600
2024-06-07 12:21:55,25600
2024-06-07 13:14:08,25600
2024-06-07 14:11:54,25600
2024-06-07 15:11:55,25600
2024-06-07 16:13:26,25600
2024-06-07 17:10:27,25645
2024-06-07 18:15:43,25696
2024-06-07 19:09:41,25709
2024-06-07 20:11:48,25709
2024-06-07 21:12:41,25709
2024-06-07 22:11:21,25709
2024-06-07 23:12:27,25829
2024-06-08 00:51:06,25787
2024-06-08 01:55:43,25770
2024-06-08 02:27:38,25720
2024-06-08 03:12:02,25720
2024-06-08 04:14:12,25699
2024-06-08 05:10:57,25720
2024-06-08 06:14:16,25720
2024-06-08 07:11:07,25720
2024-06-08 08:12:51,25720
2024-06-08 09:12:52,25705
2024-06-08 10:11:33,25700
2024-06-08 11:09:41,25705
2024-06-08 12:18:36,25444
2024-06-08 13:11:25,25444
2024-06-08 14:10:48,25444
2024-06-08 15:11:24,25705
2024-06-08 16:14:21,25704
2024-06-08 17:10:05,25715
2024-06-08 18:13:35,25715
2024-06-08 19:09:40,25715
2024-06-08 20:11:00,25715
2024-06-08 21:10:09,25715
2024-06-08 22:09:55,25715
2024-06-08 23:11:29,25715
2024-06-09 00:55:56,25715
2024-06-09 02:02:54,25715
2024-06-09 03:12:59,25715
2024-06-09 04:13:58,25715
2024-06-09 05:11:06,25715
2024-06-09 06:14:30,25715
2024-06-09 07:10:55,25721
2024-06-09 08:13:14,25721
2024-06-09 09:11:51,25721
2024-06-09 10:10:50,25721
2024-06-09 11:09:13,25721
2024-06-09 12:19:44,25721
2024-06-09 13:11:27,25720
2024-06-09 14:10:17,25721
2024-06-09 15:10:44,25719
2024-06-09 16:12:36,25721
2024-06-09 17:11:07,25746
2024-06-09 18:13:39,25740
2024-06-09 19:09:46,25754
2024-06-09 20:12:28,25745
2024-06-09 21:10:56,25747
2024-06-09 22:10:51,25744
2024-06-09 23:11:25,25732
2024-06-10 00:53:00,25721
2024-06-10 01:59:58,25721
2024-06-10 02:36:32,25721
2024-06-10 03:12:55,25721
2024-06-10 04:15:41,25721
2024-06-10 05:11:56,25721
2024-06-10 06:17:01,25721
2024-06-10 07:11:20,25721
2024-06-10 08:15:25,25721
2024-06-10 09:13:28,25721
2024-06-10 10:13:35,25720
2024-06-10 11:10:37,25721
2024-06-10 12:20:59,25721
2024-06-10 13:14:18,25721
2024-06-10 14:13:04,25444
2024-06-10 15:13:26,25721
2024-06-10 16:14:38,25721
2024-06-10 17:10:01,25720
2024-06-10 18:15:32,25721
2024-06-10 19:09:57,25721
2024-06-10 20:11:59,25721
2024-06-10 21:11:49,25721
2024-06-10 22:12:05,25444
2024-06-10 23:11:14,25444
2024-06-11 00:51:52,25345
2024-06-11 01:58:01,25330
2024-06-11 02:31:54,25301
2024-06-11 03:12:52,25301
2024-06-11 04:14:04,25301
2024-06-11 05:12:36,25300
2024-06-11 06:15:30,25301
2024-06-11 07:11:21,25301
2024-06-11 08:15:16,25301
2024-06-11 09:13:23,25301
2024-06-11 10:12:38,25330
2024-06-11 11:10:37,25330
2024-06-11 12:21:06,25301
2024-06-11 13:14:08,25301
2024-06-11 14:10:58,25301
2024-06-11 15:11:50,25300
2024-06-11 16:14:18,25300
2024-06-11 17:11:28,25301
2024-06-11 18:16:04,25301
2024-06-11 19:09:25,25301
2024-06-11 20:11:56,25301
2024-06-11 22:10:35,25301
2024-06-11 23:10:46,25301
2024-06-12 00:52:17,25301
2024-06-12 01:58:02,25301
2024-06-12 02:32:32,25301
2024-06-12 03:13:03,25301
2024-06-12 04:13:51,25301
2024-06-12 05:11:17,25301
2024-06-12 06:15:38,25299
2024-06-12 07:11:14,25300
2024-06-12 08:14:21,25300
2024-06-12 09:12:44,25301
2024-06-12 10:12:13,25668
2024-06-12 11:09:39,25700
2024-06-12 12:20:39,25750
2024-06-12 13:13:48,25330
2024-06-12 14:10:26,25330
2024-06-12 15:10:33,25330
2024-06-12 16:13:41,25330
2024-06-12 17:10:14,25330
2024-06-12 18:15:14,25330
2024-06-12 19:10:13,25330
2024-06-12 20:11:52,25799
2024-06-12 21:11:01,25797
2024-06-12 22:11:29,25797
2024-06-12 23:11:16,25778
2024-06-13 00:51:17,25700
2024-06-13 01:57:29,25750
2024-06-13 02:30:34,25700
2024-06-13 03:12:56,25700
2024-06-13 04:13:51,25722
2024-06-13 05:12:27,25700
2024-06-13 06:15:43,25700
2024-06-13 07:10:54,25729
2024-06-13 08:14:25,25700
2024-06-13 09:12:48,25668
2024-06-13 10:11:43,25700
2024-06-13 11:10:44,25700
2024-06-13 12:20:55,25700
2024-06-13 13:13:40,25700
2024-06-13 14:11:56,25700
2024-06-13 15:12:00,25700
2024-06-13 16:15:25,25700
2024-06-13 17:10:55,25700
2024-06-13 18:15:26,25700
2024-06-13 19:08:52,25700
2024-06-13 20:12:04,25722
2024-06-13 21:12:07,25722
2024-06-13 22:11:15,25722
2024-06-13 23:11:33,25722
2024-06-14 00:51:32,25722
2024-06-14 01:57:21,25700
2024-06-14 02:31:27,25700
2024-06-14 03:12:31,25700
2024-06-14 04:13:43,25700
2024-06-14 05:11:17,25700
2024-06-14 06:16:14,25700
2024-06-14 07:11:43,25700
2024-06-14 08:13:58,25700
2024-06-14 09:11:58,25744
2024-06-14 10:11:54,25700
2024-06-14 11:09:43,25700
2024-06-14 12:20:37,25700
2024-06-14 13:13:37,25700
2024-06-14 14:11:57,25700
2024-06-14 15:12:14,25700
2024-06-14 16:13:12,25700
2024-06-14 17:11:13,25700
2024-06-14 18:15:23,25700
2024-06-14 19:09:21,25700
2024-06-14 20:11:54,25700
2024-06-14 21:11:35,25700
2024-06-14 22:11:25,25800
2024-06-14 23:11:12,25799
2024-06-15 00:51:46,25790
2024-06-15 01:56:55,25790
2024-06-15 02:29:03,25700
2024-06-15 03:12:34,25700
2024-06-15 04:14:17,25700
2024-06-15 05:11:47,25770
2024-06-15 06:14:09,25777
2024-06-15 07:12:09,25776
2024-06-15 08:13:42,25775
2024-06-15 09:11:10,25774
2024-06-15 10:12:43,25750
2024-06-15 11:09:43,25750
2024-06-15 12:19:31,25330
2024-06-15 13:11:44,25330
2024-06-15 14:10:33,25774
2024-06-15 15:11:55,25774
2024-06-15 16:14:28,25330
2024-06-15 17:10:52,25330
2024-06-15 18:14:35,25750
2024-06-15 19:09:39,25748
2024-06-15 20:12:13,25746
2024-06-15 21:10:01,25723
2024-06-15 22:11:02,25738
2024-06-15 23:11:55,25726
2024-06-16 00:55:42,25330
2024-06-16 02:03:02,25330
2024-06-16 03:12:58,25700
2024-06-16 04:13:16,25444
2024-06-16 05:12:03,25444
2024-06-16 06:15:12,25444
2024-06-16 07:11:52,25444
2024-06-16 08:12:54,25710
2024-06-16 09:12:47,25710
2024-06-16 10:12:16,25444
2024-06-16 11:09:48,25444
2024-06-16 12:19:12,25444
2024-06-16 13:11:51,25444
2024-06-16 14:09:50,25444
2024-06-16 15:11:36,25444
2024-06-16 16:12:38,25444
2024-06-16 17:09:24,25770
2024-06-16 18:14:32,25770
2024-06-16 19:10:50,25770
2024-06-16 20:11:05,25444
2024-06-16 21:11:56,25444
2024-06-16 22:12:07,25700
2024-06-16 23:13:12,25700
2024-06-17 00:53:28,25444
2024-06-17 02:00:48,25444
2024-06-17 03:13:47,25444
2024-06-17 04:14:51,25699
2024-06-17 05:14:35,25699
2024-06-17 06:16:44,25700
2024-06-17 07:11:16,25444
2024-06-17 08:14:59,25444
2024-06-17 09:12:44,25444
2024-06-17 10:13:26,25444
2024-06-17 11:10:05,25444
2024-06-17 12:20:55,25444
2024-06-17 13:14:26,25444
2024-06-17 14:11:19,25444
2024-06-17 15:12:53,25444
2024-06-17 16:14:22,25444
2024-06-17 17:10:55,25444
2024-06-17 18:14:54,25444
2024-06-17 19:09:04,25444
2024-06-17 20:09:57,25444
2024-06-17 21:11:08,25864
2024-06-17 22:10:17,25864
2024-06-17 23:12:10,25850
2024-06-18 00:52:12,25825
2024-06-18 01:58:09,25825
2024-06-18 02:32:18,25825
2024-06-18 03:13:37,25444
2024-06-18 04:13:38,25444
2024-06-18 05:12:13,25444
2024-06-18 06:15:40,25444
2024-06-18 07:11:07,25800
2024-06-18 08:15:25,25780
2024-06-18 09:12:31,25444
2024-06-18 10:12:12,25444
2024-06-18 11:10:31,25444
2024-06-18 12:20:59,25444
2024-06-18 13:14:03,25444
2024-06-18 14:10:51,25444
2024-06-18 15:11:46,25444
2024-06-18 16:14:22,25444
2024-06-18 17:11:29,25444
2024-06-18 18:15:38,25444
2024-06-18 19:09:57,25444
2024-06-18 20:12:51,25444
2024-06-18 21:10:29,25444
2024-06-18 22:10:11,25950
2024-06-18 23:11:58,25950
2024-06-19 00:52:25,25940
2024-06-19 01:58:42,25444
2024-06-19 02:33:35,25444
2024-06-19 03:13:01,25330
2024-06-19 04:13:47,25330
2024-06-19 05:12:15,25330
2024-06-19 06:16:01,25330
2024-06-19 07:10:48,25330
2024-06-19 08:14:30,25444
2024-06-19 09:15:08,25444
2024-06-19 10:12:41,25444
2024-06-19 11:10:34,25330
2024-06-19 12:20:58,25444
2024-06-19 13:13:48,25444
2024-06-19 14:10:44,25330
2024-06-19 15:12:39,25330
2024-06-19 16:13:52,25444
2024-06-19 17:11:47,25330
2024-06-19 18:14:52,25330
2024-06-19 19:10:09,25330
2024-06-19 20:11:44,25330
2024-06-19 21:12:20,25444
2024-06-19 22:11:13,25444
2024-06-19 23:11:54,25444
2024-06-20 00:50:46,25444
2024-06-20 01:55:44,25330
2024-06-20 02:28:07,25330
2024-06-20 03:12:25,25330
2024-06-20 04:13:16,25330
2024-06-20 05:10:56,25330
2024-06-20 06:15:38,25330
2024-06-20 07:11:02,25444
2024-06-20 08:15:18,25862
2024-06-20 09:13:07,25444
2024-06-20 10:12:16,25444
2024-06-20 11:09:25,25444
2024-06-20 12:20:30,25444
2024-06-20 13:13:17,25444
2024-06-20 14:10:29,25444
2024-06-20 15:12:46,25444
2024-06-20 16:14:40,25444
2024-06-20 17:12:27,25444
2024-06-20 18:15:46,25444
2024-06-20 19:09:47,25444
2024-06-20 20:11:55,25444
2024-06-20 21:12:10,25444
2024-06-20 23:13:14,25848
2024-06-21 00:51:07,25444
2024-06-21 01:56:26,25444
2024-06-21 02:29:10,25444
2024-06-21 03:12:57,25444
2024-06-21 04:14:07,25444
2024-06-21 05:12:29,25444
2024-06-21 06:16:02,25444
2024-06-21 07:11:53,25444
2024-06-21 08:14:30,25444
2024-06-21 09:11:52,25444
2024-06-21 10:12:01,25444
2024-06-21 11:10:01,25444
2024-06-21 12:20:05,25444
2024-06-21 13:13:22,25444
2024-06-21 14:10:28,25444
2024-06-21 15:16:11,25444
2024-06-21 16:13:18,25832
2024-06-21 17:12:25,25444
2024-06-21 18:15:27,25330
2024-06-21 19:09:06,25330
2024-06-21 20:12:44,25330
2024-06-21 21:11:53,25330
2024-06-21 22:11:05,25444
2024-06-21 23:10:30,25444
2024-06-22 00:50:53,25850
2024-06-22 01:54:47,25330
2024-06-22 02:26:15,25330
2024-06-22 03:13:03,25330
2024-06-22 04:13:02,25330
2024-06-22 05:12:33,25330
2024-06-22 06:15:20,25330
2024-06-22 07:11:55,25330
2024-06-22 08:14:10,25330
2024-06-22 09:11:41,25330
2024-06-22 10:12:32,25444
2024-06-22 11:09:18,25444
2024-06-22 12:18:49,25444
2024-06-22 13:13:58,25444
2024-06-22 14:11:36,25444
2024-06-22 15:10:53,25444
2024-06-22 16:13:31,25444
2024-06-22 17:09:26,25444
2024-06-22 18:13:38,25444
2024-06-22 19:11:15,25444
2024-06-22 20:10:39,25444
2024-06-22 21:10:48,25444
2024-06-22 22:10:38,25880
2024-06-22 23:10:03,25880
2024-06-23 00:55:07,25444
2024-06-23 02:01:51,25444
2024-06-23 03:12:31,25444
2024-06-23 04:13:20,25444
2024-06-23 05:11:01,25444
2024-06-23 06:15:22,25444
2024-06-23 07:11:52,25895
2024-06-23 08:12:49,25444
2024-06-23 09:12:31,25444
2024-06-23 10:11:54,25444
2024-06-23 11:08:43,25444
2024-06-23 12:19:26,25444
2024-06-23 13:10:59,25444
2024-06-23 14:10:11,25444
2024-06-23 15:10:33,25444
2024-06-23 16:12:27,25444
2024-06-23 17:09:06,25444
2024-06-23 18:13:37,25444
2024-06-23 19:10:30,25444
2024-06-23 20:11:46,25995
2024-06-23 21:09:53,25995
2024-06-23 22:10:10,25995
2024-06-23 23:11:29,25995
2024-06-24 00:53:17,25444
2024-06-24 01:59:33,25444
2024-06-24 02:35:21,25444
2024-06-24 03:12:59,25444
2024-06-24 04:13:57,25444
2024-06-24 05:11:39,25444
2024-06-24 07:12:30,25444
2024-06-24 08:14:51,25444
2024-06-24 09:13:55,25444
2024-06-24 10:13:13,25444
2024-06-24 11:11:47,25444
2024-06-24 12:21:09,25444
2024-06-24 13:13:07,25444
2024-06-24 14:11:19,25444
2024-06-24 15:12:36,25444
2024-06-24 16:13:52,25444
2024-06-24 17:10:41,25444
2024-06-24 18:14:49,25444
2024-06-24 19:09:54,26010
2024-06-24 20:12:01,25444
2024-06-24 21:10:51,26010
2024-06-24 22:11:59,26010
2024-06-24 23:13:17,26010
2024-06-25 00:51:49,26005
2024-06-25 01:57:46,26004
2024-06-25 02:32:01,25444
2024-06-25 03:12:36,25444
2024-06-25 04:13:45,25444
2024-06-25 05:11:55,25444
2024-06-25 06:15:50,25444
2024-06-25 07:10:39,25444
2024-06-25 08:15:07,25444
2024-06-25 09:11:58,25444
2024-06-25 10:12:05,25444
2024-06-25 11:10:26,25444
2024-06-25 12:20:24,25444
2024-06-25 13:13:42,25444
2024-06-25 14:12:00,25444
2024-06-25 15:11:38,25444
2024-06-25 16:14:24,25444
2024-06-25 17:11:07,25444
2024-06-25 18:15:30,25444
2024-06-25 19:09:48,25444
2024-06-25 20:11:43,25994
2024-06-25 21:10:56,25991
2024-06-25 22:10:22,25998
2024-06-25 23:11:01,25985
2024-06-26 00:51:41,25969
2024-06-26 01:57:33,25444
2024-06-26 02:30:49,25444
2024-06-26 03:13:28,25444
2024-06-26 04:13:56,25444
2024-06-26 05:11:10,25444
2024-06-26 06:16:38,25444
2024-06-26 07:10:50,25444
2024-06-26 08:14:45,25444
2024-06-26 09:13:44,25960
2024-06-26 10:11:44,25444
2024-06-26 11:10:21,25444
2024-06-26 12:21:53,25400
2024-06-26 13:13:51,25330
2024-06-26 14:10:32,25330
2024-06-26 15:12:35,25330
2024-06-26 16:14:25,25330
2024-06-26 17:10:20,25330
2024-06-26 18:14:25,25330
2024-06-26 19:09:02,25444
2024-06-26 20:13:53,25444
2024-06-26 21:11:35,25444
2024-06-26 22:10:51,25444
2024-06-26 23:11:22,25444
2024-06-27 00:51:56,25444
2024-06-27 01:57:56,25330
2024-06-27 02:31:40,25330
2024-06-27 03:12:55,25330
2024-06-27 04:15:27,25330
2024-06-27 05:12:05,25330
2024-06-27 06:15:57,25330
2024-06-27 07:10:56,25330
2024-06-27 08:14:24,25330
2024-06-27 09:12:07,25444
2024-06-27 10:11:55,25444
2024-06-27 11:09:37,25330
2024-06-27 12:20:54,25330
2024-06-27 13:13:38,25330
2024-06-27 14:10:52,25330
2024-06-27 15:13:02,25330
2024-06-27 16:13:53,25301
2024-06-27 17:12:03,25301
2024-06-27 18:13:26,25301
2024-06-27 19:10:39,25301
2024-06-27 20:11:44,25301
2024-06-27 21:10:32,25301
2024-06-27 22:10:47,25301
2024-06-27 23:13:03,25301
2024-06-28 00:52:16,25301
2024-06-28 01:58:34,25301
2024-06-28 02:34:12,25301
2024-06-28 03:13:30,25301
2024-06-28 04:13:23,25301
2024-06-28 05:11:11,25301
2024-06-28 06:15:46,25301
2024-06-28 07:12:13,25301
2024-06-28 08:14:10,25301
2024-06-28 09:12:28,25301
2024-06-28 10:12:05,25300
2024-06-28 11:09:42,25300
2024-06-28 12:20:38,25300
2024-06-28 13:12:36,25299
2024-06-28 14:11:05,25298
2024-06-28 15:11:47,25298
2024-06-28 16:13:31,25294
2024-06-28 17:11:10,25293
2024-06-28 18:14:21,25301
2024-06-28 19:08:48,25301
2024-06-28 20:11:27,25301
2024-06-28 21:12:06,25301
2024-06-28 22:10:18,25301
2024-06-28 23:11:49,25301
2024-06-29 00:51:09,25301
2024-06-29 01:56:22,25299
2024-06-29 02:28:41,25299
2024-06-29 03:12:57,25299
2024-06-29 04:14:32,25299
2024-06-29 05:12:36,25301
2024-06-29 06:14:23,25301
2024-06-29 07:11:27,25301
2024-06-29 08:13:53,25301
2024-06-29 09:12:34,25301
2024-06-29 10:11:00,25301
2024-06-29 11:10:07,25330
2024-06-29 12:20:12,25330
2024-06-29 13:11:48,25330
2024-06-29 14:10:11,25330
2024-06-29 15:10:27,25330
2024-06-29 16:13:19,25330
2024-06-29 17:09:40,25330
2024-06-29 18:13:32,25963
2024-06-29 19:08:30,25963
2024-06-29 20:11:06,25963
2024-06-29 21:10:32,25963
2024-06-29 22:11:47,25963
2024-06-29 23:11:30,26000
2024-06-30 00:56:25,25330
2024-06-30 02:04:50,25330
2024-06-30 03:12:59,25330
2024-06-30 04:13:09,25301
2024-06-30 05:10:48,25301
2024-06-30 06:14:42,25301
2024-06-30 07:11:04,25301
2024-06-30 08:13:31,25301
2024-06-30 09:13:52,25301
2024-06-30 10:11:12,25301
2024-06-30 11:08:48,25301
2024-06-30 12:19:47,25301
2024-06-30 13:11:40,25300
2024-06-30 14:10:13,25300
2024-06-30 15:11:51,25300
2024-06-30 16:13:36,25300
2024-06-30 17:09:59,25300
2024-06-30 18:14:58,25300
2024-06-30 19:08:55,25300
2024-06-30 20:11:25,25300
2024-06-30 21:11:39,25300
2024-06-30 22:10:15,25300
2024-06-30 23:11:53,25300
2024-07-01 00:57:49,25300
2024-07-01 02:09:02,25300
2024-07-01 03:13:20,25300
2024-07-01 04:13:48,25300
2024-07-01 05:11:52,25300
2024-07-01 06:17:14,25300
2024-07-01 07:12:08,25300
2024-07-01 08:15:31,25300
2024-07-01 09:14:53,25300
2024-07-01 10:14:08,25300
2024-07-01 11:09:58,25300
2024-07-01 12:22:09,25000
2024-07-01 13:15:39,25000
2024-07-01 14:10:30,25000
2024-07-01 15:11:55,25300
2024-07-01 16:13:32,25301
2024-07-01 17:11:01,25301
2024-07-01 18:15:04,25301
2024-07-01 19:10:30,25301
2024-07-01 20:12:12,25301
2024-07-01 21:11:22,25301
2024-07-01 22:11:50,25301
2024-07-01 23:11:48,25301
2024-07-02 00:52:17,25301
2024-07-02 01:59:15,25299
2024-07-02 02:34:11,25299
2024-07-02 03:12:45,25300
2024-07-02 04:14:41,25299
2024-07-02 05:11:54,25299
2024-07-02 06:17:15,25299
2024-07-02 07:12:13,25299
2024-07-02 08:14:47,25299
2024-07-02 09:11:59,25299
2024-07-02 10:12:31,25299
2024-07-02 11:10:15,25299
2024-07-02 12:20:03,25299
2024-07-02 13:13:31,25299
2024-07-02 14:11:02,25299
2024-07-02 15:11:49,25299
2024-07-02 16:15:38,25299
2024-07-02 17:10:20,25299
2024-07-02 18:14:48,25299
2024-07-02 19:10:39,25299
2024-07-02 20:13:14,25299
2024-07-02 21:11:00,25299
2024-07-02 22:11:06,25299
2024-07-02 23:10:44,25299
2024-07-03 00:52:10,25299
2024-07-03 01:58:05,25299
2024-07-03 02:31:29,25299
2024-07-03 03:12:34,25299
2024-07-03 04:13:33,25299
2024-07-03 05:11:26,25299
2024-07-03 06:17:38,25299
2024-07-03 07:11:01,25299
2024-07-03 08:14:47,25299
2024-07-03 09:12:36,25299
2024-07-03 10:13:14,25301
2024-07-03 11:09:59,25301
2024-07-03 12:21:12,25299
2024-07-03 13:13:47,25299
2024-07-03 14:11:45,25299
2024-07-03 15:12:04,25299
2024-07-03 16:15:05,25299
2024-07-03 17:10:21,25299
2024-07-03 18:14:34,25299
2024-07-03 19:09:29,25299
2024-07-03 20:12:01,25299
2024-07-03 21:11:30,25299
2024-07-03 22:11:15,25299
2024-07-03 23:13:11,25299
2024-07-04 00:52:12,25299
2024-07-04 01:58:58,25299
2024-07-04 02:34:22,25299
2024-07-04 03:14:17,25299
2024-07-04 04:13:38,25299
2024-07-04 05:12:53,25299
2024-07-04 06:16:15,25299
2024-07-04 07:12:15,25299
2024-07-04 08:14:58,25299
2024-07-04 09:12:46,25299
2024-07-04 10:11:49,25299
2024-07-04 11:12:55,25299
2024-07-04 12:20:45,25299
2024-07-04 13:14:17,25299
2024-07-04 14:10:44,25299
2024-07-04 15:11:25,25299
2024-07-04 16:13:31,25299
2024-07-04 17:11:08,25299
2024-07-04 18:14:42,25299
2024-07-04 19:09:33,25299
2024-07-04 20:11:44,25299
2024-07-04 21:10:46,25299
2024-07-04 22:11:13,25299
2024-07-04 23:11:58,25299
2024-07-05 00:52:00,25299
2024-07-05 01:57:59,25299
2024-07-05 02:31:33,25299
2024-07-05 03:12:50,25299
2024-07-05 04:15:32,25299
2024-07-05 05:11:07,25299
2024-07-05 06:16:41,25299
2024-07-05 07:10:48,25299
2024-07-05 08:14:27,25330
2024-07-05 09:13:50,25330
2024-07-05 10:12:35,25330
2024-07-05 11:10:03,25330
2024-07-05 12:20:15,25330
2024-07-05 13:13:02,25330
2024-07-05 14:11:32,25330
2024-07-05 15:12:30,26003
2024-07-05 16:13:50,25330
2024-07-05 17:10:54,26088
2024-07-05 18:14:50,26115
2024-07-05 19:08:52,26098
2024-07-05 20:13:17,26029
2024-07-05 21:11:03,26025
2024-07-05 22:12:02,26078
2024-07-05 23:11:37,26080
2024-07-06 00:50:56,26080
2024-07-06 01:55:36,25330
2024-07-06 02:27:01,25330
2024-07-06 03:13:59,25330
2024-07-06 04:13:47,25330
2024-07-06 05:11:25,25330
2024-07-06 06:14:26,26015
2024-07-06 07:09:50,25330
2024-07-06 08:14:51,25330
2024-07-06 09:12:22,25330
2024-07-06 10:11:05,25330
2024-07-06 11:09:39,25330
2024-07-06 12:18:49,25330
2024-07-06 13:11:23,25330
2024-07-06 14:09:23,25330
2024-07-06 15:11:17,25330
2024-07-06 16:12:42,25330
2024-07-06 17:09:12,25330
2024-07-06 18:13:37,25330
2024-07-06 19:09:13,25330
2024-07-06 20:11:39,25330
2024-07-06 21:11:31,25330
2024-07-06 22:11:15,26000
2024-07-07 00:56:47,26014
2024-07-07 02:05:48,25330
2024-07-07 03:13:35,25330
2024-07-07 04:13:10,25330
2024-07-07 05:13:20,25330
2024-07-07 06:15:44,25000
2024-07-07 07:11:12,25000
2024-07-07 08:13:19,25000
2024-07-07 09:12:41,25000
2024-07-07 10:10:41,25000
2024-07-07 11:10:10,25000
2024-07-07 12:19:12,25000
2024-07-07 13:11:29,25330
2024-07-07 14:09:14,25330
2024-07-07 15:11:31,25330
2024-07-07 16:12:30,25905
2024-07-07 17:10:17,25330
2024-07-07 18:13:52,25330
2024-07-07 19:09:30,25330
2024-07-07 20:10:50,25330
2024-07-07 21:11:24,25330
2024-07-07 22:11:20,25908
2024-07-07 23:12:00,25909
2024-07-08 00:54:02,25905
2024-07-08 02:01:00,25500
2024-07-08 03:13:59,25500
2024-07-08 04:15:02,25500
2024-07-08 05:13:32,25500
2024-07-08 06:16:45,25500
2024-07-08 07:12:23,25925
2024-07-08 08:14:58,25923
2024-07-08 09:13:11,25500
2024-07-08 10:12:57,25500
2024-07-08 11:10:47,25500
2024-07-08 12:21:42,25500
2024-07-08 13:14:44,25500
2024-07-08 14:11:43,25500
2024-07-08 15:12:18,25500
2024-07-08 16:14:35,25500
2024-07-08 17:10:24,25500
2024-07-08 18:14:56,25500
2024-07-08 19:08:58,25888
2024-07-08 20:13:19,25896
2024-07-08 21:11:46,25892
2024-07-08 22:11:24,25894
2024-07-08 23:11:24,25890
2024-07-09 00:52:50,25917
2024-07-09 02:00:32,25500
2024-07-09 02:37:25,25500
2024-07-09 03:13:51,25893
2024-07-09 04:13:37,25863
2024-07-09 05:11:35,25876
2024-07-09 06:16:16,25863
2024-07-09 07:11:13,25500
2024-07-09 08:13:34,25500
2024-07-09 09:12:26,25500
2024-07-09 10:12:40,25500
2024-07-09 11:10:43,25500
2024-07-09 12:22:08,25500
2024-07-09 13:14:44,25500
2024-07-09 14:10:37,25500
2024-07-09 15:11:47,25500
2024-07-09 16:14:31,25500
2024-07-09 17:11:52,25500
2024-07-09 18:15:32,25500
2024-07-09 19:09:06,25500
2024-07-09 20:12:50,25500
2024-07-09 21:11:39,25776
2024-07-09 22:11:54,25804
2024-07-09 23:13:41,25800
2024-07-10 00:53:40,25796
2024-07-10 02:00:01,25500
2024-07-10 02:36:44,25500
2024-07-10 03:13:39,25500
2024-07-10 04:15:19,25500
2024-07-10 05:12:04,25500
2024-07-10 06:16:01,25500
2024-07-10 07:12:33,25790
2024-07-10 08:16:26,25772
2024-07-10 09:12:08,25500
2024-07-10 10:13:33,25500
2024-07-10 11:10:35,25804
2024-07-10 12:21:54,25500
2024-07-10 13:15:02,25500
2024-07-10 14:11:06,25500
2024-07-10 15:12:46,25500
2024-07-10 16:13:47,25500
2024-07-10 17:10:09,25500
2024-07-10 18:17:08,25500
2024-07-10 19:10:55,25500
2024-07-10 20:12:19,25500
2024-07-10 21:10:40,25795
2024-07-10 22:10:45,25795
2024-07-10 23:11:37,25776
2024-07-11 00:53:31,25730
2024-07-11 02:00:42,25794
2024-07-11 02:39:09,25784
2024-07-11 03:15:05,25500
2024-07-11 04:14:47,25500
2024-07-11 05:11:56,25500
2024-07-11 06:15:52,25500
2024-07-11 07:11:46,25500
2024-07-11 08:14:29,25775
2024-07-11 09:13:07,25500
2024-07-11 10:12:00,25500
2024-07-11 11:10:30,25770
2024-07-11 12:21:28,25500
2024-07-11 13:15:08,25500
2024-07-11 14:10:47,25500
2024-07-11 15:11:50,25790
2024-07-11 16:13:49,25780
2024-07-11 17:10:43,25780
2024-07-11 18:15:03,25800
2024-07-11 19:10:06,25784
2024-07-11 20:12:09,25785
2024-07-11 21:12:15,25794
2024-07-11 22:10:55,25790
2024-07-11 23:13:11,25810
2024-07-12 00:52:30,25779
2024-07-12 01:58:50,25803
2024-07-12 02:34:23,25330
2024-07-12 03:13:28,25330
2024-07-12 04:13:36,25330
2024-07-12 05:11:24,25790
2024-07-12 06:16:02,25330
2024-07-12 07:12:06,25784
2024-07-12 08:15:34,25330
2024-07-12 09:13:03,25330
2024-07-12 10:12:12,25330
2024-07-12 11:10:22,25330
2024-07-12 12:21:38,25330
2024-07-12 13:14:30,25330
2024-07-12 14:10:35,25330
2024-07-12 15:11:42,25330
2024-07-12 16:14:11,25330
2024-07-12 17:11:23,25330
2024-07-12 18:15:59,25330
2024-07-12 19:08:42,25330
2024-07-12 20:12:10,25330
2024-07-12 21:11:38,25330
2024-07-12 22:10:25,25700
2024-07-12 23:10:56,25700
2024-07-13 00:53:16,25330
2024-07-13 01:59:07,25330
2024-07-13 02:33:44,25330
2024-07-13 03:12:21,25330
2024-07-13 04:13:26,25330
2024-07-13 05:11:35,25700
2024-07-13 06:15:31,25330
2024-07-13 07:11:04,25700
2024-07-13 08:13:04,25700
2024-07-13 09:11:03,25330
2024-07-13 10:10:56,25330
2024-07-13 11:10:08,25700
2024-07-13 12:18:56,25330
2024-07-13 13:12:14,25330
2024-07-13 14:09:37,25330
2024-07-13 15:10:51,25700
2024-07-13 16:12:44,25330
2024-07-13 17:09:10,25330
2024-07-13 18:13:35,25330
2024-07-13 19:09:40,25330
2024-07-13 20:11:43,25700
2024-07-13 21:10:45,25700
2024-07-13 22:10:01,25700
2024-07-13 23:10:28,25330
2024-07-14 00:57:29,25330
2024-07-14 02:08:54,25330
2024-07-14 03:14:34,25330
2024-07-14 04:15:41,25632
2024-07-14 05:13:14,25632
2024-07-14 06:17:22,25740
2024-07-14 07:12:46,25330
2024-07-14 08:15:56,25330
2024-07-14 09:13:23,25330
2024-07-14 10:13:24,25330
2024-07-14 11:10:35,25330
2024-07-14 12:29:56,25330
2024-07-14 13:33:41,25330
2024-07-14 14:14:03,25330
2024-07-14 15:18:54,25330
2024-07-14 16:23:14,25632
2024-07-14 17:16:48,25632
2024-07-14 18:22:46,25330
2024-07-14 19:10:36,25330
2024-07-14 20:11:18,25755
2024-07-14 21:10:18,25780
2024-07-14 22:11:18,25767
2024-07-14 23:11:29,25330
2024-07-15 00:55:00,25330
2024-07-15 02:04:50,25330
2024-07-15 03:14:50,25330
2024-07-15 04:16:28,25632
2024-07-15 05:11:43,25632
2024-07-15 06:18:15,25632
2024-07-15 07:11:25,25330
2024-07-15 08:15:24,25330
2024-07-15 09:13:17,25330
2024-07-15 10:13:10,25330
2024-07-15 11:09:51,25330
2024-07-15 12:22:06,25330
2024-07-15 13:15:40,25330
2024-07-15 14:09:56,25330
2024-07-15 15:13:35,25330
2024-07-15 16:14:06,25330
2024-07-15 17:10:36,25330
2024-07-15 18:15:09,25330
2024-07-15 19:09:57,25330
2024-07-15 20:12:05,25330
2024-07-15 21:11:45,25609
2024-07-15 22:11:18,25642
2024-07-15 23:12:26,25330
2024-07-16 00:54:00,25330
2024-07-16 02:01:55,25330
2024-07-16 03:15:44,25330
2024-07-16 04:14:30,25502
2024-07-16 05:11:21,25502
2024-07-16 06:16:35,25625
2024-07-16 07:12:01,25610
2024-07-16 08:15:33,25601
2024-07-16 09:13:09,25603
2024-07-16 10:10:41,25588
2024-07-16 11:10:49,25629
2024-07-16 12:22:14,25627
2024-07-16 13:10:16,25592
2024-07-16 14:11:42,25628
2024-07-16 15:10:18,25610
2024-07-16 16:13:19,25608
2024-07-16 17:10:30,25600
2024-07-16 18:14:59,25646
2024-07-16 19:10:07,25570
2024-07-16 20:11:37,25595
2024-07-16 21:11:53,25650
2024-07-16 22:11:12,25695
2024-07-16 23:12:20,25629
2024-07-17 00:53:58,25615
2024-07-17 02:01:16,25618
2024-07-17 03:13:53,25603
2024-07-17 04:13:39,25600
2024-07-17 05:11:31,25605
2024-07-17 06:16:11,25618
2024-07-17 07:12:09,25602
2024-07-17 08:15:13,25605
2024-07-17 09:14:20,25617
2024-07-17 10:12:37,25624
2024-07-17 11:10:02,25679
2024-07-17 12:21:45,25671
2024-07-17 13:14:20,25672
2024-07-17 14:11:22,25719
2024-07-17 15:14:17,25694
2024-07-17 16:14:05,25709
2024-07-17 17:10:04,25710
2024-07-17 18:15:08,25688
2024-07-17 19:08:36,25696
2024-07-17 20:12:01,25800
2024-07-17 21:11:07,25809
2024-07-17 22:11:54,25780
2024-07-17 23:12:21,25652
2024-07-18 00:52:38,25668
2024-07-18 01:59:51,25670
2024-07-18 02:36:15,25660
2024-07-18 03:13:38,25675
2024-07-18 04:14:32,25677
2024-07-18 05:11:51,25679
2024-07-18 06:16:20,25677
2024-07-18 07:11:02,25673
2024-07-18 08:14:44,25679
2024-07-18 09:12:07,25672
2024-07-18 10:12:27,25670
2024-07-18 11:10:40,25699
2024-07-18 12:22:11,25709
2024-07-18 13:15:34,25716
2024-07-18 14:11:17,25692
2024-07-18 15:12:52,25696
2024-07-18 16:13:37,25708
2024-07-18 17:11:33,25728
2024-07-18 18:16:04,25702
2024-07-18 19:10:04,25724
2024-07-18 20:12:06,25756
2024-07-18 21:10:42,25750
2024-07-18 22:10:39,25798
2024-07-18 23:11:45,25701
2024-07-19 00:54:28,25701
2024-07-19 02:00:04,25697
2024-07-19 02:37:31,25689
2024-07-19 03:13:31,25686
2024-07-19 04:15:26,25727
2024-07-19 05:12:37,25715
2024-07-19 06:16:23,25737
2024-07-19 07:12:32,25739
2024-07-19 08:14:33,25734
2024-07-19 09:12:04,25750
2024-07-19 10:12:02,25760
2024-07-19 11:10:35,25750
2024-07-19 12:20:40,25767
2024-07-19 13:14:06,25758
2024-07-19 14:12:13,25759
2024-07-19 15:12:23,25763
2024-07-19 16:13:54,25769
2024-07-19 17:11:43,25779
2024-07-19 18:15:22,25797
2024-07-19 19:10:29,25782
2024-07-19 20:13:58,25795
2024-07-19 21:10:26,25795
2024-07-19 22:12:35,25817
2024-07-19 23:12:03,25768
2024-07-20 00:52:15,25734
2024-07-20 01:57:46,25737
2024-07-20 02:30:58,25733
2024-07-20 03:13:21,25753
2024-07-20 04:15:19,25732
2024-07-20 05:11:57,25748
2024-07-20 06:16:41,25753
2024-07-20 07:11:12,25735
2024-07-20 08:13:22,25735
2024-07-20 09:11:25,25724
2024-07-20 10:11:37,25722
2024-07-20 11:09:53,25717
2024-07-20 12:19:22,25720
2024-07-20 13:11:45,25705
2024-07-20 14:09:57,25687
2024-07-20 15:10:27,25680
2024-07-20 16:13:09,25678
2024-07-20 17:10:11,25679
2024-07-20 18:14:33,25716
2024-07-20 19:08:44,25669
2024-07-20 20:11:39,25800
2024-07-20 21:10:11,25780
2024-07-20 22:11:26,25797
2024-07-20 23:11:26,25684
2024-07-21 00:57:18,25611
2024-07-21 02:06:22,25620
2024-07-21 03:13:30,25620
2024-07-21 04:13:12,25672
2024-07-21 05:12:39,25691
2024-07-21 06:14:35,25724
2024-07-21 07:10:04,25729
2024-07-21 08:13:22,25695
2024-07-21 09:11:01,25690
2024-07-21 10:10:52,25707
2024-07-21 11:09:25,25719
2024-07-21 12:20:04,25699
2024-07-21 13:11:52,25697
2024-07-21 14:10:12,25685
2024-07-21 15:12:16,25683
2024-07-21 16:14:45,25685
2024-07-21 17:09:27,25719
2024-07-21 18:13:40,25715
2024-07-21 19:08:43,25749
2024-07-21 20:13:54,25747
2024-07-21 21:09:51,25780
2024-07-21 22:10:43,25739
2024-07-21 23:12:06,25692
2024-07-22 00:55:16,25702
2024-07-22 02:04:45,25665
2024-07-22 03:14:06,25679
2024-07-22 04:14:19,25682
2024-07-22 05:12:34,25718
2024-07-22 06:16:42,25721
2024-07-22 07:12:00,25716
2024-07-22 08:16:24,25711
2024-07-22 09:15:42,25714
2024-07-22 10:12:34,25724
2024-07-22 11:10:04,25725
2024-07-22 12:21:45,25718
2024-07-22 13:15:53,25721
2024-07-22 14:11:40,25715
2024-07-22 15:12:52,25715
2024-07-22 16:14:47,25726
2024-07-22 17:10:51,25739
2024-07-22 18:15:11,25725
2024-07-22 19:09:31,25790
2024-07-22 20:12:12,25786
2024-07-22 21:11:19,25849
2024-07-22 22:11:11,25807
2024-07-22 23:11:45,25737
2024-07-23 00:53:50,25734
2024-07-23 02:01:21,25728
2024-07-23 03:13:48,25729
2024-07-23 04:13:57,25739
2024-07-23 05:11:41,25743
2024-07-23 06:16:12,25753
2024-07-23 07:11:10,25743
2024-07-23 08:16:07,25736
2024-07-23 09:12:50,25737
2024-07-23 10:12:18,25736
2024-07-23 11:11:35,25755
2024-07-23 12:21:19,25762
2024-07-23 13:14:59,25771
2024-07-23 14:11:21,25788
2024-07-23 15:12:57,25764
2024-07-23 16:16:14,25760
2024-07-23 17:10:48,25777
2024-07-23 18:15:28,25768
2024-07-23 19:09:23,25776
2024-07-23 20:12:25,25809
2024-07-23 21:13:34,25804
2024-07-23 22:11:30,25807
2024-07-23 23:13:08,25765
2024-07-24 00:54:24,25758
2024-07-24 02:01:07,25778
2024-07-24 03:13:14,25760
2024-07-24 04:13:29,25753
2024-07-24 05:11:52,25761
2024-07-24 06:16:27,25756
2024-07-24 07:11:28,25753
2024-07-24 08:14:29,25755
2024-07-24 09:12:09,25755
2024-07-24 10:13:38,25759
2024-07-24 11:10:01,25759
2024-07-24 12:20:46,25770
2024-07-24 13:16:01,25765
2024-07-24 14:11:42,25765
2024-07-24 15:12:44,25758
2024-07-24 16:14:37,25757
2024-07-24 17:10:33,25760
2024-07-24 18:15:02,25781
2024-07-24 19:09:38,25805
2024-07-24 20:12:09,25807
2024-07-24 21:11:46,25791
2024-07-24 22:11:40,25793
2024-07-24 23:12:46,25804
2024-07-25 00:53:42,25779
2024-07-25 02:00:55,25838
2024-07-25 03:12:58,25815
2024-07-25 04:14:34,25800
2024-07-25 05:12:08,25790
2024-07-25 06:16:46,25798
2024-07-25 07:12:01,25780
2024-07-25 08:15:20,25779
2024-07-25 09:13:33,25799
2024-07-25 10:12:49,25795
2024-07-25 11:09:57,25830
2024-07-25 12:21:07,25828
2024-07-25 13:14:56,25817
2024-07-25 14:10:39,25823
2024-07-25 15:12:01,25820
2024-07-25 16:14:35,25809
2024-07-25 17:10:32,25803
2024-07-25 18:14:53,25819
2024-07-25 19:10:12,25825
2024-07-25 20:12:34,25835
2024-07-25 21:11:58,25865
2024-07-25 22:11:56,25862
2024-07-25 23:13:11,25855
2024-07-26 00:53:01,25806
2024-07-26 02:00:28,25810
2024-07-26 02:38:20,25804
2024-07-26 03:13:35,25800
2024-07-26 04:14:40,25805
2024-07-26 05:12:27,25804
2024-07-26 06:16:43,25809
2024-07-26 07:11:15,25795
2024-07-26 08:14:16,25798
2024-07-26 09:12:06,25785
2024-07-26 10:12:42,25798
2024-07-26 11:11:10,25809
2024-07-26 12:20:45,25805
2024-07-26 13:14:10,25792
2024-07-26 14:10:13,25795
2024-07-26 15:12:20,25812
2024-07-26 16:14:40,25790
2024-07-26 17:11:18,25798
2024-07-26 18:15:19,25849
2024-07-26 19:11:21,25842
2024-07-26 20:14:22,25848
2024-07-26 21:11:07,25848
2024-07-26 22:12:08,25848
2024-07-26 23:11:30,25838
2024-07-27 00:52:54,25780
2024-07-27 01:58:53,25771
2024-07-27 02:33:35,25770
2024-07-27 03:14:04,25770
2024-07-27 04:13:31,25780
2024-07-27 05:11:40,25777
2024-07-27 06:14:28,25766
2024-07-27 07:11:54,25814
2024-07-27 08:13:06,25784
2024-07-27 09:11:18,25766
2024-07-27 10:11:33,25758
2024-07-27 11:10:51,25786
2024-07-27 12:21:27,25790
2024-07-27 13:12:30,25786
2024-07-27 14:10:27,25790
2024-07-27 15:11:07,25788
2024-07-27 16:13:54,25787
2024-07-27 17:10:26,25785
2024-07-27 18:15:23,25781
2024-07-27 19:09:18,25795
2024-07-27 20:11:35,25820
2024-07-27 21:09:58,25850
2024-07-27 22:10:19,25855
2024-07-27 23:12:48,25810
2024-07-28 00:57:43,25788
2024-07-28 02:07:41,25770
2024-07-28 03:12:54,25774
2024-07-28 04:13:08,25766
2024-07-28 06:14:56,25774
2024-07-28 07:10:48,25766
2024-07-28 08:13:14,25766
2024-07-28 09:12:06,25774
2024-07-28 10:10:57,25766
2024-07-28 11:08:53,25766
2024-07-28 12:19:30,25800
2024-07-28 13:12:11,25791
2024-07-28 14:10:01,25790
2024-07-28 15:10:49,25784
2024-07-28 16:14:38,25790
2024-07-28 17:10:01,25794
2024-07-28 18:15:05,25800
2024-07-28 19:08:48,25800
2024-07-28 20:11:37,25789
2024-07-28 21:11:55,25885
2024-07-28 22:11:13,25868
2024-07-28 23:11:45,25833
2024-07-29 00:55:27,25789
2024-07-29 02:04:09,25784
2024-07-29 03:13:12,25789
2024-07-29 04:14:07,25782
2024-07-29 05:13:15,25787
2024-07-29 06:16:46,25785
2024-07-29 07:12:13,25777
2024-07-29 08:15:22,25778
2024-07-29 09:13:13,25769
2024-07-29 10:13:48,25779
2024-07-29 11:09:51,25789
2024-07-29 12:21:47,25774
2024-07-29 13:16:09,25770
2024-07-29 14:11:24,25792
2024-07-29 15:12:40,25790
2024-07-29 16:15:23,25790
2024-07-29 17:10:55,25805
2024-07-29 18:15:28,25808
2024-07-29 19:09:34,25810
2024-07-29 20:12:27,25805
2024-07-29 21:12:22,25815
2024-07-29 22:13:21,25820
2024-07-29 23:11:00,25864
2024-07-30 00:54:01,25819
2024-07-30 02:01:16,25801
2024-07-30 03:15:18,25798
2024-07-30 04:13:52,25773
2024-07-30 05:12:46,25791
2024-07-30 06:16:26,25788
2024-07-30 07:11:09,25795
2024-07-30 08:15:04,25791
2024-07-30 09:12:25,25782
2024-07-30 10:12:58,25805
2024-07-30 11:11:07,25795
2024-07-30 12:21:25,25805
2024-07-30 13:14:51,25815
2024-07-30 14:11:18,25809
2024-07-30 15:12:03,25815
2024-07-30 16:15:05,25815
2024-07-30 17:10:35,25828
2024-07-30 18:15:12,25867
2024-07-30 19:10:03,25918
2024-07-30 20:11:49,25950
2024-07-30 21:12:20,25980
2024-07-30 23:10:57,25825
2024-07-31 00:43:22,25824
2024-07-31 01:38:53,25830
2024-07-31 02:12:24,25828
2024-07-31 03:13:42,25814
2024-07-31 04:11:36,25796
2024-07-31 05:10:30,25800
2024-07-31 06:13:54,25788
2024-07-31 07:09:17,25776
2024-07-31 08:14:21,25778
2024-07-31 09:13:28,25775
2024-07-31 10:09:56,25805
2024-07-31 11:09:36,25798
2024-07-31 12:21:57,25780
2024-07-31 13:15:05,25796
2024-07-31 14:11:19,25790
2024-07-31 15:12:12,25773
2024-07-31 16:14:07,25787
2024-07-31 18:15:21,25795
2024-07-31 19:09:39,25790
2024-07-31 20:12:05,25835
2024-07-31 21:12:14,25848
2024-07-31 22:11:07,25886
2024-07-31 23:11:36,25869
2024-08-01 00:58:27,25849
2024-08-01 02:10:51,25804
2024-08-01 03:13:26,25787
2024-08-01 04:14:14,25769
2024-08-01 05:11:55,25765
2024-08-01 06:16:37,25759
2024-08-01 07:11:08,25755
2024-08-01 08:15:09,25746
2024-08-01 09:11:37,25760
2024-08-01 10:13:24,25767
2024-08-01 11:11:34,25770
2024-08-01 12:21:49,25775
2024-08-01 13:15:25,25782
2024-08-01 14:12:54,25765
2024-08-01 15:12:17,25784
2024-08-01 16:14:43,25804
2024-08-01 17:12:03,25797
2024-08-01 18:15:07,25838
2024-08-01 19:09:04,25808
2024-08-01 20:13:04,25888
2024-08-01 21:12:30,25890
2024-08-01 22:10:55,25862
2024-08-01 23:12:03,25805
2024-08-02 00:53:46,25785
2024-08-02 02:01:36,25768
2024-08-02 03:14:22,25755
2024-08-02 04:14:35,25736
2024-08-02 05:12:30,25745
2024-08-02 06:17:57,25749
2024-08-02 07:12:14,25740
2024-08-02 08:14:50,25735
2024-08-02 09:13:14,25724
2024-08-02 10:12:42,25735
2024-08-02 11:10:10,25754
2024-08-02 12:20:56,25749
2024-08-02 13:14:31,25741
2024-08-02 14:10:45,25734
2024-08-02 16:14:25,25800
2024-08-02 17:10:47,25809
2024-08-02 18:15:39,25852
2024-08-02 19:09:42,25852
2024-08-02 20:12:37,25880
2024-08-02 21:11:55,25860
2024-08-02 22:12:13,25875
2024-08-02 23:10:54,25868
2024-08-03 00:53:01,25863
2024-08-03 01:59:24,25842
2024-08-03 02:34:58,25839
2024-08-03 03:12:26,25806
2024-08-03 04:13:52,25782
2024-08-03 05:10:43,25791
2024-08-03 06:16:14,25790
2024-08-03 07:10:06,25771
2024-08-03 08:14:30,25770
2024-08-03 09:12:07,25761
2024-08-03 10:11:22,25766
2024-08-03 11:09:51,25772
2024-08-03 12:19:33,25775
2024-08-03 13:11:47,25779
2024-08-03 14:12:03,25776
2024-08-03 15:10:31,25768
2024-08-03 16:13:39,25812
2024-08-03 17:10:28,25838
2024-08-03 18:15:02,25828
2024-08-03 19:08:49,25900
2024-08-03 20:11:21,25950
2024-08-03 21:10:57,25930
2024-08-03 22:10:20,25880
2024-08-03 23:12:25,25818
2024-08-04 00:57:52,25825
2024-08-04 02:08:16,25805
2024-08-04 03:12:45,25792
2024-08-04 04:15:02,25769
2024-08-04 05:10:40,25771
2024-08-04 06:15:20,25777
2024-08-04 07:10:57,25770
2024-08-04 08:13:27,25789
2024-08-04 09:11:34,25783
2024-08-04 10:11:20,25774
2024-08-04 11:10:22,25775
2024-08-04 12:19:27,25784
2024-08-04 13:12:32,25772
2024-08-04 14:10:47,25787
2024-08-04 15:11:44,25849
2024-08-04 16:12:29,25880
2024-08-04 17:09:55,25890
2024-08-04 18:13:56,25990
2024-08-04 19:09:45,26116
2024-08-04 20:12:38,26000
2024-08-04 21:11:10,26116
2024-08-04 22:11:22,25968
2024-08-04 23:12:52,25949
2024-08-05 00:55:37,25975
2024-08-05 02:04:01,26240
2024-08-05 03:13:11,26107
2024-08-05 04:14:18,25990
2024-08-05 05:13:34,26050
2024-08-05 06:17:02,26056
2024-08-05 07:12:00,26098
2024-08-05 08:15:40,26055
2024-08-05 09:12:36,26114
2024-08-05 10:12:11,26060
2024-08-05 11:10:53,26150
2024-08-05 12:22:19,26125
2024-08-05 13:15:49,26194
2024-08-05 14:11:03,26155
2024-08-05 15:12:16,26069
2024-08-05 16:14:06,26062
2024-08-05 17:11:16,26088
2024-08-05 18:16:07,26140
2024-08-05 19:12:39,26270
2024-08-05 20:12:22,26285
2024-08-05 21:12:45,26285
2024-08-05 22:11:03,26200
2024-08-05 23:13:11,26075
2024-08-06 00:54:06,26170
2024-08-06 02:01:48,26050
2024-08-06 03:13:15,26016
2024-08-06 04:14:56,25938
2024-08-06 05:12:05,25947
2024-08-06 06:17:49,25919
2024-08-06 07:11:59,25895
2024-08-06 08:14:42,25907
2024-08-06 09:12:36,25869
2024-08-06 10:13:09,25862
2024-08-06 11:10:10,25896
2024-08-06 12:21:40,25876
2024-08-06 13:15:47,25896
2024-08-06 15:13:13,25888
2024-08-06 16:14:35,25900
2024-08-06 18:16:47,25903
2024-08-06 19:09:36,25918
2024-08-06 20:10:40,25980
2024-08-06 21:11:03,25963
2024-08-06 22:11:48,25980
2024-08-06 23:11:53,25905
2024-08-07 00:54:55,25881
2024-08-07 02:04:06,25891
2024-08-07 03:13:18,25852
2024-08-07 04:15:13,25837
2024-08-07 05:11:56,25820
2024-08-07 06:16:34,25822
2024-08-07 07:11:10,25828
2024-08-07 08:15:53,25826
2024-08-07 09:13:22,25826
2024-08-07 10:12:25,25817
2024-08-07 11:09:55,25825
2024-08-07 12:22:32,25805
2024-08-07 13:16:59,25817
2024-08-07 14:11:06,25828
2024-08-07 15:12:00,25849
2024-08-07 16:14:35,25847
2024-08-07 17:12:42,25866
2024-08-07 18:15:22,25866
2024-08-07 19:09:52,25840
2024-08-07 20:12:44,25939
2024-08-07 21:13:03,25950
2024-08-07 22:11:29,25839
2024-08-07 23:11:36,25837
2024-08-08 00:54:25,25880
2024-08-08 02:02:55,25850
2024-08-08 03:13:19,25811
2024-08-08 04:16:09,25778
2024-08-08 05:12:07,25785
2024-08-08 06:17:22,25818
2024-08-08 07:11:20,25791
2024-08-08 08:15:12,25798
2024-08-08 09:12:30,25798
2024-08-08 10:12:13,25806
2024-08-08 11:11:15,25788
2024-08-08 12:21:26,25802
2024-08-08 13:15:40,25797
2024-08-08 14:11:04,25782
2024-08-08 15:12:34,25787
2024-08-08 16:14:10,25840
2024-08-08 17:10:27,25784
2024-08-08 18:16:16,25785
2024-08-08 19:09:27,25794
2024-08-08 20:13:19,25840
2024-08-08 21:11:25,25900
2024-08-08 22:11:22,25889
2024-08-08 23:12:23,25845
2024-08-09 00:55:23,25804
2024-08-09 02:04:12,25781
2024-08-09 03:13:13,25768
2024-08-09 04:14:26,25714
2024-08-09 05:12:18,25744
2024-08-09 06:17:03,25778
2024-08-09 07:11:19,25750
2024-08-09 08:15:31,25760
2024-08-09 09:13:41,25786
2024-08-09 10:12:54,25795
2024-08-09 11:10:18,25785
2024-08-09 12:21:37,25759
2024-08-09 13:15:34,25767
2024-08-09 14:11:27,25766
2024-08-09 15:13:30,25781
2024-08-09 16:14:12,25783
2024-08-09 17:11:22,25858
2024-08-09 18:15:27,25779
2024-08-09 19:10:22,25868
2024-08-09 20:12:57,25867
2024-08-09 21:11:04,25867
2024-08-09 22:12:48,25867
2024-08-09 23:11:37,25783
2024-08-10 00:54:39,25742
2024-08-10 02:02:48,25744
2024-08-10 03:15:12,25709
2024-08-10 04:15:34,25700
2024-08-10 05:10:53,25739
2024-08-10 06:15:08,25744
2024-08-10 07:10:11,25741
2024-08-10 08:14:16,25709
2024-08-10 09:11:56,25745
2024-08-10 10:13:17,25729
2024-08-10 11:09:33,25730
2024-08-10 12:20:26,25738
2024-08-10 13:12:59,25735
2024-08-10 14:10:32,25719
2024-08-10 15:11:47,25737
2024-08-10 16:13:56,25759
2024-08-10 17:09:30,25764
2024-08-10 18:14:06,25723
2024-08-10 19:09:21,25777
2024-08-10 20:12:03,25777
2024-08-10 21:12:03,25776
2024-08-10 22:11:46,25781
2024-08-10 23:11:36,25739
2024-08-11 00:58:50,25717
2024-08-11 02:11:10,25709
2024-08-11 03:12:37,25709
2024-08-11 04:14:20,25727
2024-08-11 05:10:59,25735
2024-08-11 06:16:30,25735
2024-08-11 07:10:19,25729
2024-08-11 08:13:45,25735
2024-08-11 09:12:08,25726
2024-08-11 10:11:32,25741
2024-08-11 11:09:32,25716
2024-08-11 12:20:11,25758
2024-08-11 13:12:57,25745
2024-08-11 14:11:32,25757
2024-08-11 15:12:17,25759
2024-08-11 16:13:11,25790
2024-08-11 17:10:33,25750
2024-08-11 18:16:22,25737
2024-08-11 19:10:08,25736
2024-08-11 20:11:58,25826
2024-08-11 21:12:41,25869
2024-08-11 22:12:12,25828
2024-08-11 23:11:20,25760
2024-08-12 00:56:11,25766
2024-08-12 02:06:19,25747
2024-08-12 03:13:35,25731
2024-08-12 04:14:16,25716
2024-08-12 05:12:44,25747
2024-08-12 06:17:03,25733
2024-08-12 07:11:48,25728
2024-08-12 08:16:21,25734
2024-08-12 09:13:04,25720
2024-08-12 10:13:01,25745
2024-08-12 11:10:45,25746
2024-08-12 12:23:53,25745
2024-08-12 13:17:52,25730
2024-08-12 14:13:05,25730
2024-08-12 15:13:28,25710
2024-08-12 16:14:53,25717
2024-08-12 17:10:49,25729
2024-08-12 18:16:31,25737
2024-08-12 19:10:30,25773
2024-08-12 20:12:43,25754
2024-08-12 21:11:50,25754
2024-08-12 22:11:56,25751
2024-08-12 23:12:57,25750
2024-08-13 00:55:38,25724
2024-08-13 02:05:08,25720
2024-08-13 03:13:32,25708
2024-08-13 04:14:07,25679
2024-08-13 05:12:16,25682
2024-08-13 06:17:05,25689
2024-08-13 07:11:56,25676
2024-08-13 08:14:53,25664
2024-08-13 09:13:42,25697
2024-08-13 10:13:36,25719
2024-08-13 11:10:11,25705
2024-08-13 12:22:49,25705
2024-08-13 13:16:15,25698
2024-08-13 14:11:13,25715
2024-08-13 15:12:15,25688
2024-08-13 16:14:20,25714
2024-08-13 17:11:13,25709
2024-08-13 18:16:18,25729
2024-08-13 19:10:32,25796
2024-08-13 20:12:27,25753
2024-08-13 21:11:25,25799
2024-08-13 22:11:08,25796
2024-08-13 23:11:24,25693
2024-08-14 00:55:00,25673
2024-08-14 02:03:28,25674
2024-08-14 03:14:32,25662
2024-08-14 04:14:26,25645
2024-08-14 05:12:16,25629
2024-08-14 06:16:33,25654
2024-08-14 07:11:33,25638
2024-08-14 08:16:08,25606
2024-08-14 09:12:47,25685
2024-08-14 10:13:10,25610
2024-08-14 11:10:59,25627
2024-08-14 12:21:58,25615
2024-08-14 13:16:11,25616
2024-08-14 14:11:40,25648
2024-08-14 15:12:01,25609
2024-08-14 16:15:54,25595
2024-08-14 17:10:37,25626
2024-08-14 18:15:21,25618
2024-08-14 19:11:33,25647
2024-08-14 20:12:22,25647
2024-08-14 21:11:09,25716
2024-08-14 22:12:12,25664
2024-08-15 02:20:06,25601
2024-08-15 03:13:24,25579
2024-08-15 04:13:47,25578
2024-08-15 05:12:19,25570
2024-08-15 06:16:32,25575
2024-08-15 07:10:59,25592
2024-08-15 08:15:35,25561
2024-08-15 09:12:27,25561
2024-08-15 10:13:59,25555
2024-08-15 11:09:31,25537
2024-08-15 12:22:14,25479
2024-08-15 13:15:16,25468
2024-08-15 14:10:56,25438
2024-08-15 15:11:50,25444
2024-08-15 16:15:04,25460
2024-08-15 17:10:17,25493
2024-08-15 18:16:12,25480
2024-08-15 20:12:31,25464
2024-08-15 21:11:50,25474
2024-08-15 22:11:56,25519
2024-08-15 23:10:51,25494
2024-08-16 00:54:23,25554
2024-08-16 02:02:41,25494
2024-08-16 03:15:17,25475
2024-08-16 04:13:59,25505
2024-08-16 05:12:00,25510
2024-08-16 06:16:25,25535
2024-08-16 07:12:01,25518
2024-08-16 08:15:57,25500
2024-08-16 09:13:56,25499
2024-08-16 10:12:39,25495
2024-08-16 11:11:01,25543
2024-08-16 12:22:05,25494
2024-08-16 13:15:12,25536
2024-08-16 14:10:27,25580
2024-08-16 15:11:29,25554
2024-08-16 16:16:06,25602
2024-08-16 17:10:40,25556
2024-08-16 18:15:41,25588
2024-08-16 19:10:15,25558
2024-08-16 20:13:11,25600
2024-08-16 21:11:40,25699
2024-08-16 22:11:39,25635
2024-08-16 23:12:36,25626
2024-08-17 00:52:51,25536
2024-08-17 01:59:31,25519
2024-08-17 02:35:44,25494
2024-08-17 03:12:23,25490
2024-08-17 04:15:47,25452
2024-08-17 05:12:55,25452
2024-08-17 06:15:10,25494
2024-08-17 07:10:10,25511
2024-08-17 08:14:04,25494
2024-08-17 09:11:13,25522
2024-08-17 10:11:53,25530
2024-08-17 11:09:51,25549
2024-08-17 12:19:15,25548
2024-08-17 13:12:00,25574
2024-08-17 14:11:48,25569
2024-08-17 15:10:44,25554
2024-08-17 16:15:03,25559
2024-08-17 17:09:16,25540
2024-08-17 18:14:38,25570
2024-08-17 19:10:06,25626
2024-08-17 20:12:13,25580
2024-08-17 21:10:02,25571
2024-08-17 22:10:15,25585
2024-08-17 23:10:40,25511
2024-08-18 00:57:45,25522
2024-08-18 02:08:10,25511
2024-08-18 03:12:34,25494
2024-08-18 04:15:27,25529
2024-08-18 05:11:53,25535
2024-08-18 06:15:45,25543
2024-08-18 07:09:59,25519
2024-08-18 08:13:49,25536
2024-08-18 09:13:48,25549
2024-08-18 10:12:26,25559
2024-08-18 11:08:55,25589
2024-08-18 12:21:51,25559
2024-08-18 13:13:20,25546
2024-08-18 14:10:50,25546
2024-08-18 15:10:46,25555
2024-08-18 16:13:01,25551
2024-08-18 17:09:37,25550
2024-08-18 18:14:09,25545
2024-08-18 19:09:14,25545
2024-08-18 20:11:39,25530
2024-08-18 21:09:57,25536
2024-08-18 22:11:32,25591
2024-08-18 23:12:51,25511
2024-08-19 00:55:18,25519
2024-08-19 02:04:51,24999
2024-08-19 03:13:09,25468
2024-08-19 04:13:55,25468
2024-08-19 05:12:05,25514
2024-08-19 06:17:09,25479
2024-08-19 07:13:00,25500
2024-08-19 08:15:51,25508
2024-08-19 09:13:08,25504
2024-08-19 10:14:13,25545
2024-08-19 11:10:06,25548
2024-08-19 12:22:12,25511
2024-08-19 13:16:15,25510
2024-08-19 14:13:13,25510
2024-08-19 15:12:44,25525
2024-08-19 16:14:13,25515
2024-08-19 17:12:24,25514
2024-08-19 18:15:31,25517
2024-08-19 19:10:43,25513
2024-08-19 20:12:45,25505
2024-08-19 21:11:30,25505
2024-08-19 22:12:45,25511
2024-08-19 23:13:10,25511
2024-08-20 00:54:18,25494
2024-08-20 02:02:30,25479
2024-08-20 03:14:12,25485
2024-08-20 04:16:13,25464
2024-08-20 05:11:21,25464
2024-08-20 06:16:38,25488
2024-08-20 07:12:19,25497
2024-08-20 08:16:11,25464
2024-08-20 09:13:53,25464
2024-08-20 10:13:05,25464
2024-08-20 11:11:48,25475
2024-08-20 12:22:36,25436
2024-08-20 13:16:02,25398
2024-08-20 14:11:32,25432
2024-08-20 15:12:15,25463
2024-08-20 16:13:50,25428
2024-08-20 17:11:33,25418
2024-08-20 18:15:41,25414
2024-08-20 19:09:37,25420
2024-08-20 20:13:42,25401
2024-08-20 21:12:40,25414
2024-08-20 22:10:40,25419
2024-08-20 23:13:05,25406
2024-08-21 00:54:46,25365
2024-08-21 02:02:42,25349
2024-08-21 03:13:07,25397
2024-08-21 04:15:06,25400
2024-08-21 05:12:05,25420
2024-08-21 06:16:26,25423
2024-08-21 07:11:25,25413
2024-08-21 08:15:39,25391
2024-08-21 09:13:17,25369
2024-08-21 10:12:48,25380
2024-08-21 11:10:21,25384
2024-08-21 12:21:21,25390
2024-08-21 13:16:31,25369
2024-08-21 14:12:33,25378
2024-08-21 15:11:59,25362
2024-08-21 16:15:36,25378
2024-08-21 17:11:10,25352
2024-08-21 18:15:30,25362
2024-08-21 19:11:09,25355
2024-08-21 21:11:31,25395
2024-08-21 22:10:57,25354
2024-08-21 23:11:58,25339
2024-08-22 00:55:33,25286
2024-08-22 02:04:44,25317
2024-08-22 03:13:49,25317
2024-08-22 04:14:08,25358
2024-08-22 05:11:51,25339
2024-08-22 06:16:23,25362
2024-08-22 07:12:29,25322
2024-08-22 08:15:05,25301
2024-08-22 09:12:26,25334
2024-08-22 10:13:34,25326
2024-08-22 11:10:40,25346
2024-08-22 12:21:51,25317
2024-08-22 13:16:11,25317
2024-08-22 14:11:30,25339
2024-08-22 15:14:33,25361
2024-08-22 16:14:31,25345
2024-08-22 17:11:28,25318
2024-08-22 18:15:26,25318
2024-08-22 19:10:18,25314
2024-08-22 20:13:12,25329
2024-08-22 21:13:16,25329
2024-08-22 22:12:07,25336
2024-08-22 23:11:43,25296
2024-08-23 00:54:41,25340
2024-08-23 02:03:23,25335
2024-08-23 03:13:02,25310
2024-08-23 04:14:49,25296
2024-08-23 05:11:58,25350
2024-08-23 06:16:14,25339
2024-08-23 07:12:18,25328
2024-08-23 08:15:56,25353
2024-08-23 09:12:07,25362
